Item_id,Month_sales,month
20463,35.0,24
20462,18.0,24
20448,31.0,24
20417,3.0,24
20419,2.0,24
20404,77.0,24
20399,18.0,24
20398,40.0,24
20611,126.0,24
20397,33.0,24
20090,2.0,24
20092,30.0,24
20096,16.0,24
20104,11.0,24
20111,19.0,24
20195,10.0,24
20327,10.0,24
20218,29.0,24
20231,50.0,24
20347,40.0,24
20350,37.0,24
20367,14.0,24
20377,12.0,24
20385,7.0,24
20387,13.0,24
20395,29.0,24
20607,71.0,24
20475,22.0,24
20608,138.0,24
20609,110.0,24
20610,83.0,24
20479,4.0,24
20477,1.0,24
20521,3.0,24
20544,10.0,24
20606,76.0,24
20465,1.0,24
20080,27.0,24
20613,281.0,24
19752,16.0,24
20059,123.0,24
19118,154.0,24
19528,19.0,24
19571,49.0,24
19597,27.0,24
19602,32.0,24
19613,1.0,24
19639,5.0,24
19646,40.0,24
19133,106.0,24
19220,33.0,24
19491,4.0,24
19485,3.0,24
19162,73.0,24
19161,129.0,24
19134,65.0,24
19132,17.0,24
19650,16.0,24
19667,25.0,24
19986,17.0,24
19814,17.0,24
20017,27.0,24
19867,7.0,24
19884,27.0,24
19893,33.0,24
19902,4.0,24
20024,12.0,24
19908,11.0,24
19985,50.0,24
19797,49.0,24
19674,16.0,24
19686,10.0,24
19698,4.0,24
19967,3.0,24
19771,23.0,24
19772,28.0,24
19774,24.0,24
19778,6.0,24
19794,189.0,24
19796,15.0,24
21119,2.0,24
21404,150.0,24
21488,29.0,24
21406,11.0,24
21407,6.0,24
21408,8.0,24
21414,42.0,24
21430,14.0,24
21443,12.0,24
21459,4.0,24
21455,9.0,24
21541,2.0,24
21596,2.0,24
21605,15.0,24
21403,22.0,24
21395,29.0,24
21264,1.0,24
21270,1.0,24
21342,3.0,24
21355,20.0,24
21358,28.0,24
21377,61.0,24
21381,12.0,24
21385,13.0,24
21386,104.0,24
21387,54.0,24
21389,10.0,24
21402,19.0,24
21608,13.0,24
21614,13.0,24
21711,27.0,24
21719,4.0,24
21787,9.0,24
21794,6.0,24
21726,33.0,24
21756,16.0,24
21761,21.0,24
21810,61.0,24
21955,19.0,24
19117,65.0,24
21956,62.0,24
21706,19.0,24
21703,3.0,24
21669,204.0,24
21670,45.0,24
21672,23.0,24
21674,48.0,24
21682,35.0,24
21683,58.0,24
21673,10.0,24
21080,5.0,24
21069,1.0,24
21068,1.0,24
20656,16.0,24
20657,8.0,24
20658,17.0,24
20660,14.0,24
20730,25.0,24
20738,5.0,24
20739,14.0,24
20741,5.0,24
20762,11.0,24
20770,6.0,24
20773,1.0,24
20776,1.0,24
20831,13.0,24
20832,18.0,24
20881,13.0,24
20653,17.0,24
20617,29.0,24
20614,146.0,24
20882,23.0,24
20883,17.0,24
20949,7869.0,24
20951,31.0,24
20952,9.0,24
20954,7.0,24
20958,16.0,24
20320,15.0,24
20985,2.0,24
20986,1.0,24
20274,8.0,24
18011,5.0,24
19116,260.0,24
16011,51.0,24
16008,9.0,24
16020,53.0,24
16019,18.0,24
16006,35.0,24
15994,45.0,24
15971,7.0,24
15552,20.0,24
15545,21.0,24
15544,34.0,24
15936,10.0,24
15924,4.0,24
15922,7.0,24
15917,7.0,24
15891,2.0,24
15885,14.0,24
16014,91.0,24
16056,258.0,24
16045,21.0,24
16043,17.0,24
16038,52.0,24
15868,8.0,24
16037,45.0,24
16034,26.0,24
16033,25.0,24
16032,55.0,24
16017,18.0,24
16035,16.0,24
15851,3.0,24
15521,35.0,24
15395,55.0,24
15392,39.0,24
15346,112.0,24
15336,41.0,24
15321,9.0,24
15319,10.0,24
15309,5.0,24
15307,3.0,24
15306,4.0,24
15303,22.0,24
15302,10.0,24
15299,24.0,24
15298,32.0,24
15296,19.0,24
15398,6.0,24
15400,11.0,24
15404,9.0,24
15504,31.0,24
15487,19.0,24
15483,56.0,24
15480,70.0,24
15477,26.0,24
15524,4.0,24
15455,31.0,24
15446,39.0,24
15439,25.0,24
15423,36.0,24
15422,56.0,24
15472,20.0,24
16147,53.0,24
16143,35.0,24
16136,41.0,24
16135,18.0,24
16122,31.0,24
16120,8.0,24
16119,12.0,24
16118,28.0,24
16117,56.0,24
16153,41.0,24
16169,172.0,24
16167,95.0,24
16160,32.0,24
16115,36.0,24
16159,17.0,24
16156,89.0,24
16154,29.0,24
16158,10.0,24
16114,7.0,24
16113,101.0,24
16083,58.0,24
16072,2.0,24
16071,65.0,24
16063,15.0,24
16061,79.0,24
16055,149.0,24
16084,38.0,24
16110,27.0,24
16108,15.0,24
16057,49.0,24
16089,22.0,24
16086,30.0,24
15291,31.0,24
15123,12.0,24
15122,14.0,24
15118,12.0,24
15116,13.0,24
14596,1.0,24
15104,9.0,24
15103,19.0,24
15102,26.0,24
15093,17.0,24
15088,28.0,24
15066,121.0,24
15063,90.0,24
15124,11.0,24
15126,10.0,24
14777,29.0,24
14757,10.0,24
14754,2.0,24
14740,15.0,24
15159,2.0,24
15155,2.0,24
15154,1.0,24
15152,1.0,24
15151,4.0,24
14581,6.0,24
14666,3.0,24
14663,35.0,24
14629,3.0,24
14627,8.0,24
14628,7.0,24
15134,16.0,24
15128,15.0,24
14664,16.0,24
15048,42.0,24
15040,139.0,24
14532,6.0,24
14505,1.0,24
14500,27.0,24
15041,56.0,24
14447,10.0,24
14446,96.0,24
14436,27.0,24
14458,98.0,24
14409,64.0,24
14455,18.0,24
14828,51.0,24
15047,34.0,24
15046,90.0,24
15045,139.0,24
15042,8.0,24
14829,38.0,24
15284,41.0,24
15283,61.0,24
15282,20.0,24
15281,33.0,24
15280,36.0,24
15289,26.0,24
15287,43.0,24
15286,55.0,24
15279,36.0,24
15217,25.0,24
15216,21.0,24
15214,45.0,24
15212,30.0,24
14848,52.0,24
14847,45.0,24
15221,35.0,24
14846,40.0,24
14845,32.0,24
14842,37.0,24
14831,170.0,24
14830,82.0,24
15228,13.0,24
15278,37.0,24
15276,13.0,24
15275,36.0,24
15223,10.0,24
15267,24.0,24
15266,35.0,24
15265,42.0,24
15261,40.0,24
15257,3.0,24
15235,39.0,24
15234,13.0,24
15231,26.0,24
15229,37.0,24
16173,5.0,24
17717,1454.0,24
17347,13.0,24
17374,25.0,24
17398,11.0,24
17948,14.0,24
17936,12.0,24
17904,25.0,24
18072,3.0,24
17891,25.0,24
17871,18.0,24
17866,3.0,24
17840,2.0,24
17821,1.0,24
17794,7.0,24
17501,16.0,24
17500,62.0,24
17482,22.0,24
17481,31.0,24
17748,39.0,24
17449,7.0,24
17734,2.0,24
17419,11.0,24
17554,1.0,24
17999,4.0,24
17322,25.0,24
17659,143.0,24
17662,214.0,24
17654,211.0,24
17142,8.0,24
17138,31.0,24
17108,43.0,24
17107,24.0,24
17106,24.0,24
17321,3.0,24
17318,4.0,24
17316,76.0,24
17315,147.0,24
17714,12.0,24
17279,45.0,24
17269,26.0,24
17252,1.0,24
17247,10.0,24
17237,2.0,24
17213,6.0,24
17210,9.0,24
17168,5.0,24
18106,26.0,24
19436,356.0,24
19058,33.0,24
19051,37.0,24
19050,22.0,24
19043,28.0,24
19040,10.0,24
19034,17.0,24
19005,38.0,24
19004,19.0,24
19000,10.0,24
19430,23.0,24
18974,203.0,24
19104,1.0,24
19094,4.0,24
19093,34.0,24
19089,10.0,24
19068,17.0,24
19441,15.0,24
19439,70.0,24
19438,55.0,24
18945,1.0,24
19415,28.0,24
18476,15.0,24
18463,6.0,24
18454,117.0,24
18407,11.0,24
18406,1.0,24
18378,12.0,24
18341,16.0,24
18334,24.0,24
18325,11.0,24
18477,74.0,24
18320,15.0,24
18258,1.0,24
18148,74.0,24
18147,32.0,24
18123,1.0,24
18260,19.0,24
17105,24.0,24
18481,10.0,24
18499,13.0,24
19406,4.0,24
19405,49.0,24
18884,25.0,24
18882,10.0,24
18840,9.0,24
18820,1.0,24
19370,24.0,24
18737,19.0,24
18679,8.0,24
18677,15.0,24
18675,6.0,24
18617,12.0,24
18612,3.0,24
19346,4.0,24
18592,11.0,24
18591,8.0,24
18587,5.0,24
19295,16.0,24
18511,11.0,24
18690,3.0,24
17104,89.0,24
17103,1.0,24
17044,13.0,24
15704,75.0,24
15691,10.0,24
16325,5.0,24
16316,40.0,24
16313,30.0,24
16311,25.0,24
16310,22.0,24
16287,135.0,24
15705,38.0,24
15760,6.0,24
16336,25.0,24
15776,5.0,24
16359,5.0,24
16350,26.0,24
15787,76.0,24
15637,5.0,24
15785,49.0,24
15784,208.0,24
15783,10.0,24
15632,11.0,24
15616,12.0,24
15602,6.0,24
16206,66.0,24
16205,84.0,24
16201,4.0,24
16192,17.0,24
16189,11.0,24
16184,107.0,24
16176,52.0,24
16182,77.0,24
16146,32.0,24
16207,24.0,24
15585,36.0,24
16249,34.0,24
16242,15.0,24
16240,6.0,24
16234,24.0,24
16233,16.0,24
16232,21.0,24
16227,161.0,24
16226,15.0,24
16219,29.0,24
16211,7.0,24
16209,99.0,24
16360,68.0,24
16676,71.0,24
16665,31.0,24
16662,4.0,24
16629,37.0,24
16628,87.0,24
16626,40.0,24
16553,23.0,24
16541,25.0,24
16535,34.0,24
16534,21.0,24
16527,5.0,24
16699,6.0,24
16700,14.0,24
17625,5.0,24
17622,3.0,24
17027,25.0,24
17010,20.0,24
16985,5.0,24
16973,3.0,24
16958,12.0,24
16951,31.0,24
16790,283.0,24
16899,10.0,24
16896,31.0,24
16888,4.0,24
16875,12.0,24
16738,7.0,24
16730,23.0,24
16729,23.0,24
17589,3.0,24
16446,4.0,24
16435,54.0,24
16434,125.0,24
16447,2.0,24
16409,1.0,24
15844,13.0,24
15838,1.0,24
15836,17.0,24
15832,13.0,24
15815,23.0,24
15813,23.0,24
16461,11.0,24
16788,86.0,24
16449,2.0,24
16787,166.0,24
16512,16.0,24
16511,27.0,24
16786,3.0,24
16484,1.0,24
16085,11.0,24
5380,71.0,24
5319,259.0,24
5331,39.0,24
5747,19.0,24
5489,30.0,24
5490,50.0,24
5500,6.0,24
5509,11.0,24
5811,70.0,24
5814,67.0,24
5815,20.0,24
5820,501.0,24
5361,40.0,24
5060,36.0,24
5046,89.0,24
4999,2.0,24
5241,86.0,24
5243,50.0,24
5244,27.0,24
5235,6.0,24
5270,47.0,24
5275,88.0,24
5272,121.0,24
5012,11.0,24
5014,7.0,24
5035,41.0,24
5037,108.0,24
5038,79.0,24
5039,88.0,24
5051,18.0,24
5899,7.0,24
5900,51.0,24
5901,27.0,24
5902,21.0,24
5903,17.0,24
5572,61.0,24
5634,57.0,24
5643,74.0,24
5657,66.0,24
5663,126.0,24
5664,30.0,24
5666,172.0,24
5543,9.0,24
5835,20.0,24
5823,485.0,24
5821,450.0,24
5822,843.0,24
5210,13.0,24
4964,13.0,24
4692,2.0,24
4391,41.0,24
4394,17.0,24
4395,16.0,24
4408,16.0,24
4424,35.0,24
4431,25.0,24
4477,105.0,24
4478,213.0,24
4479,107.0,24
4480,46.0,24
4493,84.0,24
4494,40.0,24
4498,6.0,24
4361,28.0,24
4728,148.0,24
4360,50.0,24
4359,14.0,24
4261,56.0,24
4271,70.0,24
4455,38.0,24
4456,26.0,24
4332,9.0,24
4334,83.0,24
4335,31.0,24
4336,59.0,24
4337,34.0,24
4338,61.0,24
4345,63.0,24
4351,128.0,24
4354,27.0,24
4355,57.0,24
4357,85.0,24
4870,331.0,24
4635,45.0,24
4636,15.0,24
4639,34.0,24
4872,311.0,24
4873,151.0,24
4679,7.0,24
4886,31.0,24
4901,15.0,24
4906,83.0,24
4907,89.0,24
4689,21.0,24
4534,7.0,24
4555,47.0,24
4564,10.0,24
4573,16.0,24
4806,274.0,24
4807,209.0,24
4962,33.0,24
4837,20.0,24
4869,139.0,24
5669,141.0,24
5671,189.0,24
5672,94.0,24
7791,119.0,24
7792,80.0,24
7793,86.0,24
7794,38.0,24
7805,79.0,24
7806,6.0,24
7807,93.0,24
7809,17.0,24
7653,7.0,24
7815,42.0,24
7712,50.0,24
7834,101.0,24
7839,2.0,24
7846,49.0,24
7790,65.0,24
7583,1.0,24
7072,57.0,24
7085,93.0,24
7096,33.0,24
7172,212.0,24
7173,36.0,24
7202,60.0,24
7203,53.0,24
7211,8.0,24
7220,20.0,24
7452,18.0,24
7487,15.0,24
7498,37.0,24
7531,8.0,24
7545,23.0,24
7736,267.0,24
7741,36.0,24
7584,1.0,24
7851,77.0,24
7879,62.0,24
7956,34.0,24
7972,21.0,24
7982,148.0,24
7983,12.0,24
7927,30.0,24
7928,38.0,24
7929,15.0,24
7933,117.0,24
7997,5.0,24
8008,96.0,24
8083,11.0,24
8093,43.0,24
8448,37.0,24
8450,9.0,24
8452,269.0,24
8455,36.0,24
8218,33.0,24
7895,75.0,24
7894,197.0,24
7852,168.0,24
7863,196.0,24
7856,506.0,24
7071,106.0,24
7724,61.0,24
7872,25.0,24
7893,188.0,24
7723,43.0,24
6396,67.0,24
6226,17.0,24
6247,26.0,24
6266,17.0,24
6457,115.0,24
6472,79.0,24
6474,14.0,24
6476,9.0,24
6495,95.0,24
6497,329.0,24
6498,92.0,24
6488,108.0,24
6400,26.0,24
6394,79.0,24
6391,20.0,24
6386,25.0,24
5673,6.0,24
5677,8.0,24
5983,4.0,24
6005,29.0,24
6073,30.0,24
6083,35.0,24
6084,18.0,24
6490,109.0,24
6085,261.0,24
6091,12.0,24
6027,17.0,24
6111,6.0,24
6121,53.0,24
6156,20.0,24
6184,71.0,24
6185,92.0,24
4249,151.0,24
6503,668.0,24
6740,169.0,24
6351,17.0,24
6763,89.0,24
6766,24.0,24
6768,52.0,24
6771,5.0,24
6926,30.0,24
6930,25.0,24
6954,5.0,24
6847,26.0,24
7003,66.0,24
7006,23.0,24
7019,21.0,24
7021,9.0,24
6888,40.0,24
7049,10.0,24
7054,43.0,24
7059,24.0,24
7070,48.0,24
6738,134.0,24
6628,75.0,24
6641,6.0,24
6661,5.0,24
6675,247.0,24
6680,13.0,24
6687,96.0,24
6710,130.0,24
6618,16.0,24
4248,192.0,24
2416,202.0,24
2422,70.0,24
2424,46.0,24
2429,312.0,24
2430,158.0,24
2445,75.0,24
2196,47.0,24
2685,27.0,24
2182,37.0,24
2140,62.0,24
2293,211.0,24
2308,227.0,24
2309,63.0,24
2318,8.0,24
2321,30.0,24
2252,150.0,24
2267,57.0,24
2269,79.0,24
2270,26.0,24
2354,15.0,24
2369,22.0,24
2687,20.0,24
2694,6.0,24
2813,459.0,24
2817,55.0,24
2818,20.0,24
2861,97.0,24
2876,54.0,24
2878,63.0,24
2915,1.0,24
2921,54.0,24
2946,45.0,24
2808,474.0,24
2703,21.0,24
2470,33.0,24
2730,4.0,24
2734,74.0,24
2760,65.0,24
2753,96.0,24
2768,40.0,24
2536,21.0,24
2578,86.0,24
2779,41.0,24
2806,74.0,24
2574,44.0,24
2288,33.0,24
1486,65.0,24
1495,90.0,24
1485,135.0,24
1496,125.0,24
1512,5.0,24
1515,29.0,24
1555,262.0,24
1556,283.0,24
1557,44.0,24
1460,88.0,24
1332,13.0,24
1438,1.0,24
1421,4.0,24
486,149.0,24
934,9.0,24
965,13.0,24
969,9.0,24
972,39.0,24
987,9.0,24
1007,15.0,24
1077,25.0,24
1176,3.0,24
1201,28.0,24
1233,83.0,24
1564,117.0,24
1239,14.0,24
1257,13.0,24
1364,26.0,24
1387,26.0,24
1388,29.0,24
1389,45.0,24
1409,2.0,24
2956,11.0,24
1905,162.0,24
1914,63.0,24
1916,120.0,24
1686,10.0,24
1741,27.0,24
2040,5.0,24
2050,3.0,24
2283,174.0,24
2284,94.0,24
2285,131.0,24
2286,75.0,24
1865,67.0,24
1859,39.0,24
1565,77.0,24
1523,67.0,24
1534,35.0,24
1610,4.0,24
1809,44.0,24
1855,336.0,24
1856,118.0,24
2964,47.0,24
3734,169.0,24
3735,240.0,24
3617,28.0,24
3635,36.0,24
3641,94.0,24
3840,53.0,24
3842,82.0,24
3774,22.0,24
3851,90.0,24
3809,4.0,24
3902,4.0,24
3928,234.0,24
3673,40.0,24
3686,43.0,24
3692,9.0,24
3689,35.0,24
3695,58.0,24
3698,12.0,24
3708,122.0,24
3732,135.0,24
3733,285.0,24
8061,41.0,24
4181,417.0,24
4186,29.0,24
4190,25.0,24
4228,72.0,24
4231,86.0,24
4233,33.0,24
4240,175.0,24
4242,94.0,24
4244,206.0,24
3930,36.0,24
3934,53.0,24
3943,18.0,24
4024,9.0,24
4049,18.0,24
4051,29.0,24
4052,47.0,24
4178,251.0,24
3676,86.0,24
3557,49.0,24
3556,122.0,24
3236,37.0,24
3237,48.0,24
3392,53.0,24
3393,34.0,24
3394,40.0,24
3423,67.0,24
3424,101.0,24
3443,224.0,24
3460,226.0,24
3461,125.0,24
3462,338.0,24
3234,39.0,24
3148,58.0,24
3007,46.0,24
3026,105.0,24
3027,195.0,24
3028,54.0,24
3029,87.0,24
3054,69.0,24
3076,121.0,24
3077,145.0,24
3197,2.0,24
3198,1.0,24
3216,10.0,24
3141,38.0,24
3031,23.0,24
2971,11.0,24
3463,81.0,24
3341,404.0,24
3342,316.0,24
3343,419.0,24
3362,1.0,24
3364,58.0,24
3475,62.0,24
3476,60.0,24
3537,57.0,24
3541,50.0,24
3545,2.0,24
3554,65.0,24
3552,81.0,24
3464,41.0,24
3277,11.0,24
3472,75.0,24
3326,107.0,24
3331,39.0,24
3334,43.0,24
3335,43.0,24
3340,272.0,24
8330,8.0,24
8335,5.0,24
8366,72.0,24
20338,45.0,24
20354,17.0,24
20405,47.0,24
20434,21.0,24
20454,8.0,24
20519,5.0,24
20604,9.0,24
20337,8.0,24
19779,7.0,24
19823,3.0,24
19860,12.0,24
19888,6.0,24
20335,19.0,24
20953,8.0,24
20302,18.0,24
21356,16.0,24
21378,12.0,24
21384,14.0,24
20731,9.0,24
20866,45.0,24
20946,7.0,24
17880,21.0,24
17921,7.0,24
17956,17.0,24
17958,6.0,24
18116,12.0,24
18201,8.0,24
18259,10.0,24
18322,13.0,24
18344,12.0,24
18362,6.0,24
18368,10.0,24
18430,7.0,24
18441,64.0,24
18453,27.0,24
18500,6.0,24
17807,1.0,24
17487,1.0,24
17392,3.0,24
17320,5.0,24
17389,6.0,24
18567,1.0,24
18619,17.0,24
19138,12.0,24
19178,15.0,24
19573,8.0,24
18631,35.0,24
18640,10.0,24
18688,17.0,24
18704,16.0,24
18793,5.0,24
18794,12.0,24
18831,9.0,24
18850,5.0,24
18996,1.0,24
19046,12.0,24
1858,67.0,24
1735,11.0,24
2070,27.0,24
1569,46.0,24
1570,31.0,24
1535,64.0,24
1803,26.0,24
1811,8.0,24
2442,48.0,24
2443,50.0,24
2458,17.0,24
2678,58.0,24
2735,30.0,24
2743,51.0,24
2754,19.0,24
2541,1.0,24
21855,31.0,24
21860,31.0,24
21864,24.0,24
21876,22.0,24
21877,70.0,24
21906,6.0,24
21914,12.0,24
21929,14.0,24
22016,22.0,24
22087,127.0,24
22088,314.0,24
22106,16.0,24
22114,4.0,24
21835,47.0,24
21968,19.0,24
21967,46.0,24
21441,8.0,24
21446,1.0,24
21523,9.0,24
21628,11.0,24
22140,24.0,24
21681,29.0,24
21759,23.0,24
21762,26.0,24
32,42.0,24
482,75.0,24
1481,3.0,24
1483,39.0,24
1497,17.0,24
1548,22.0,24
1549,16.0,24
1471,77.0,24
1467,30.0,24
496,10.0,24
792,29.0,24
839,21.0,24
970,17.0,24
971,25.0,24
975,36.0,24
1012,12.0,24
1015,3.0,24
1197,6.0,24
1204,26.0,24
1377,35.0,24
1384,67.0,24
1414,5.0,24
33,19.0,24
17306,15.0,24
17248,4.0,24
11811,154.0,24
11575,37.0,24
11576,21.0,24
11641,34.0,24
11659,11.0,24
11829,24.0,24
11684,2.0,24
11688,9.0,24
11921,54.0,24
12134,155.0,24
12135,28.0,24
11951,146.0,24
11952,60.0,24
12194,102.0,24
11968,28.0,24
12028,33.0,24
12059,80.0,24
12060,20.0,24
11497,29.0,24
11496,42.0,24
10990,26.0,24
10994,12.0,24
11012,7.0,24
11046,11.0,24
11055,8.0,24
11132,4.0,24
11147,39.0,24
11157,17.0,24
11179,13.0,24
11207,75.0,24
11208,61.0,24
11216,26.0,24
11229,19.0,24
11238,1.0,24
11389,28.0,24
11391,44.0,24
8077,33.0,24
8078,11.0,24
11436,24.0,24
11527,7.0,24
12066,22.0,24
12090,556.0,24
12526,7.0,24
12528,18.0,24
12536,10.0,24
12541,19.0,24
12543,18.0,24
12548,17.0,24
13151,48.0,24
12569,13.0,24
12593,2.0,24
12610,22.0,24
12686,38.0,24
13398,37.0,24
13399,127.0,24
13400,73.0,24
13404,10.0,24
13406,16.0,24
13494,26.0,24
13511,17.0,24
13515,73.0,24
12516,16.0,24
12514,10.0,24
12512,6.0,24
12091,335.0,24
13071,206.0,24
10989,25.0,24
12319,17.0,24
12327,6.0,24
12360,39.0,24
12361,53.0,24
12363,23.0,24
12369,28.0,24
12448,15.0,24
12459,27.0,24
12465,18.0,24
12475,15.0,24
10979,31.0,24
10958,24.0,24
10943,16.0,24
9396,151.0,24
9398,88.0,24
9399,62.0,24
9401,46.0,24
9403,42.0,24
9412,30.0,24
9420,8.0,24
9056,13.0,24
9071,15.0,24
9089,6.0,24
9500,8.0,24
9532,104.0,24
9394,63.0,24
9358,14.0,24
9355,538.0,24
8401,7.0,24
8635,25.0,24
8658,23.0,24
8661,11.0,24
8664,18.0,24
8666,16.0,24
8685,14.0,24
8686,27.0,24
8702,235.0,24
8703,101.0,24
8765,27.0,24
8845,40.0,24
8859,9.0,24
8874,14.0,24
8886,70.0,24
9554,14.0,24
10436,7.0,24
10659,42.0,24
10660,17.0,24
10455,97.0,24
10487,9.0,24
10488,31.0,24
10489,171.0,24
10513,17.0,24
10518,105.0,24
10523,15.0,24
11292,30.0,24
10776,34.0,24
10785,33.0,24
10854,35.0,24
10855,31.0,24
10861,37.0,24
11306,26.0,24
10876,2.0,24
10915,17.0,24
10930,24.0,24
10936,3.0,24
10401,19.0,24
10389,13.0,24
10383,11.0,24
10381,18.0,24
9766,1.0,24
9786,47.0,24
9792,378.0,24
9794,213.0,24
9835,7.0,24
9845,32.0,24
9550,8.0,24
9985,32.0,24
9997,14.0,24
10098,9.0,24
10131,18.0,24
10132,21.0,24
10158,10.0,24
10298,57.0,24
10355,2.0,24
10378,35.0,24
10379,191.0,24
9986,22.0,24
13410,3.0,24
13422,44.0,24
16137,67.0,24
16170,22.0,24
15571,42.0,24
15698,14.0,24
15740,15.0,24
15450,18.0,24
15919,2.0,24
15548,9.0,24
16002,36.0,24
16040,30.0,24
15788,13.0,24
15821,6.0,24
15833,18.0,24
17096,6.0,24
17131,1.0,24
17225,15.0,24
17043,15.0,24
16984,17.0,24
16443,10.0,24
16450,45.0,24
16455,44.0,24
15344,19.0,24
16524,6.0,24
16543,11.0,24
16549,11.0,24
16657,4.0,24
16664,2.0,24
16677,38.0,24
16955,14.0,24
15334,25.0,24
13873,5.0,24
13881,57.0,24
13889,126.0,24
13958,8.0,24
13968,18.0,24
13970,8.0,24
14227,157.0,24
14229,75.0,24
14065,37.0,24
14126,34.0,24
14128,12.0,24
14125,15.0,24
14143,99.0,24
14247,18.0,24
14262,13.0,24
14305,114.0,24
13869,69.0,24
13867,82.0,24
13442,13.0,24
13443,150.0,24
12795,18.0,24
12808,6.0,24
12833,5.0,24
12926,7.0,24
12954,8.0,24
12967,16.0,24
13626,10.0,24
13675,30.0,24
13721,18.0,24
13724,13.0,24
13726,9.0,24
13741,59.0,24
13040,10.0,24
13065,18.0,24
12933,16.0,24
14306,29.0,24
14307,37.0,24
14914,7.0,24
15213,47.0,24
14678,8.0,24
14313,11.0,24
14423,42.0,24
14432,19.0,24
14470,8.0,24
14506,30.0,24
14550,21.0,24
2550,19.0,24
22127,2.0,24
18659,2.0,24
18760,17.0,24
18770,1.0,24
19056,2.0,24
19440,30.0,24
19176,21.0,24
19180,1.0,24
19183,2.0,24
19507,10.0,24
19635,6.0,24
19957,5.0,24
19968,5.0,24
19345,11.0,24
19340,17.0,24
18120,1.0,24
19258,4.0,24
18184,6.0,24
18189,3.0,24
18208,4.0,24
18339,11.0,24
18393,6.0,24
18486,7.0,24
19299,2.0,24
19301,1.0,24
19306,1.0,24
19307,1.0,24
19313,6.0,24
19331,4.0,24
19337,10.0,24
19339,4.0,24
19970,1.0,24
20429,1.0,24
20470,1.0,24
20529,2.0,24
20530,1.0,24
20542,23.0,24
19776,5.0,24
20188,2.0,24
20192,2.0,24
20197,1.0,24
18101,26.0,24
20374,2.0,24
20393,17.0,24
20394,6.0,24
20396,6.0,24
17962,1.0,24
16566,10.0,24
16822,3.0,24
16595,13.0,24
16848,14.0,24
16937,16.0,24
16960,3.0,24
17015,1.0,24
17022,5.0,24
17023,2.0,24
17092,1.0,24
17641,2.0,24
16253,7.0,24
16260,4.0,24
16326,6.0,24
15777,7.0,24
16354,3.0,24
16362,9.0,24
15811,11.0,24
16397,7.0,24
16486,1.0,24
16515,3.0,24
17457,16.0,24
17491,1.0,24
17750,5.0,24
17754,9.0,24
18010,2.0,24
18016,8.0,24
18057,4.0,24
18059,3.0,24
17889,9.0,24
17957,15.0,24
17960,1.0,24
17961,1.0,24
17406,6.0,24
17667,2.0,24
17712,2.0,24
1687,1.0,24
1729,7.0,24
1730,5.0,24
1740,16.0,24
2047,17.0,24
2073,7.0,24
2483,2.0,24
2744,33.0,24
2208,3.0,24
2205,2.0,24
2295,14.0,24
2307,18.0,24
2263,1.0,24
2136,1.0,24
21485,21.0,24
21772,12.0,24
21344,1.0,24
21285,2.0,24
21280,6.0,24
21240,1.0,24
20635,1.0,24
20644,10.0,24
20654,27.0,24
20664,2.0,24
20669,1.0,24
20829,9.0,24
20830,9.0,24
20900,1.0,24
20275,10.0,24
20982,1.0,24
21120,3.0,24
20764,8.0,24
21795,7.0,24
67,24.0,24
786,32.0,24
950,9.0,24
968,11.0,24
979,3.0,24
1075,44.0,24
1306,23.0,24
1310,6.0,24
22167,33.0,24
21969,4.0,24
21976,53.0,24
21901,1.0,24
21902,6.0,24
21907,3.0,24
21909,3.0,24
21922,22.0,24
22076,48.0,24
22015,16.0,24
22073,37.0,24
22118,24.0,24
16210,36.0,24
10402,16.0,24
10438,3.0,24
10615,19.0,24
10451,78.0,24
10469,1.0,24
10697,4.0,24
10498,20.0,24
10512,38.0,24
10514,35.0,24
10528,27.0,24
10707,28.0,24
10578,3.0,24
9462,42.0,24
9156,2.0,24
9468,3.0,24
9494,7.0,24
9513,12.0,24
9784,5.0,24
9785,2.0,24
9793,48.0,24
9834,3.0,24
9901,6.0,24
10039,14.0,24
10149,9.0,24
10284,2.0,24
10312,1.0,24
10382,65.0,24
10772,4.0,24
10777,9.0,24
11369,51.0,24
11372,17.0,24
11373,133.0,24
11379,6.0,24
11380,4.0,24
11381,9.0,24
10782,5.0,24
10786,15.0,24
10991,5.0,24
11117,1.0,24
11365,13.0,24
11370,192.0,24
9054,9.0,24
7798,23.0,24
7800,2.0,24
7812,48.0,24
7836,18.0,24
7837,21.0,24
7877,7.0,24
7884,34.0,24
7965,1.0,24
7975,1.0,24
7925,44.0,24
7007,9.0,24
7055,20.0,24
7056,16.0,24
7995,4.0,24
7241,1.0,24
7504,2.0,24
7543,9.0,24
8044,10.0,24
9397,45.0,24
9400,17.0,24
9402,60.0,24
9404,66.0,24
9405,80.0,24
9395,42.0,24
8094,9.0,24
8436,2.0,24
8443,6.0,24
8315,6.0,24
8357,6.0,24
8379,8.0,24
8555,4.0,24
8766,29.0,24
8892,2.0,24
8930,34.0,24
8958,22.0,24
9013,1.0,24
2564,1.0,24
11243,7.0,24
11402,2.0,24
15085,4.0,24
15097,13.0,24
14597,13.0,24
14690,18.0,24
15268,33.0,24
15038,13.0,24
15035,18.0,24
13754,29.0,24
14170,1.0,24
14194,3.0,24
14216,6.0,24
14221,6.0,24
14223,8.0,24
14224,2.0,24
14020,35.0,24
14127,19.0,24
14936,3.0,24
14258,20.0,24
14980,1.0,24
14997,5.0,24
15015,9.0,24
14526,18.0,24
15292,1.0,24
15293,1.0,24
16009,1.0,24
16109,3.0,24
16116,13.0,24
16174,13.0,24
16021,1.0,24
15294,11.0,24
15332,2.0,24
15438,30.0,24
15443,21.0,24
15456,5.0,24
15503,28.0,24
15528,4.0,24
15894,2.0,24
15904,-1.0,24
15558,27.0,24
13117,7.0,24
12467,4.0,24
12472,36.0,24
13123,7.0,24
13144,9.0,24
13159,177.0,24
13166,5.0,24
13172,3.0,24
12672,4.0,24
12707,13.0,24
13345,50.0,24
12726,2.0,24
13364,1.0,24
13367,11.0,24
13374,2.0,24
13381,14.0,24
13383,4.0,24
13105,61.0,24
12322,10.0,24
11595,11.0,24
11655,38.0,24
11685,2.0,24
11875,18.0,24
11783,2.0,24
11922,48.0,24
11925,38.0,24
13385,6.0,24
12122,1.0,24
11938,33.0,24
12204,6.0,24
12219,1.0,24
11997,4.0,24
12229,4.0,24
13390,2.0,24
13719,6.0,24
13720,6.0,24
13722,8.0,24
13723,9.0,24
13739,6.0,24
13746,9.0,24
13747,8.0,24
13748,2.0,24
13036,7.0,24
13753,32.0,24
13659,7.0,24
13651,6.0,24
13644,10.0,24
12935,8.0,24
13401,27.0,24
13460,6.0,24
13491,47.0,24
13417,1.0,24
13557,22.0,24
13560,17.0,24
12793,5.0,24
12830,25.0,24
13582,1.0,24
13593,2.0,24
12743,5.0,24
13439,8.0,24
13520,6.0,24
13522,4.0,24
12748,1.0,24
12796,17.0,24
12814,25.0,24
12839,15.0,24
12871,1.0,24
12955,10.0,24
13690,8.0,24
13037,2.0,24
13041,9.0,24
13894,15.0,24
13205,98.0,24
12364,31.0,24
13075,11.0,24
12421,22.0,24
12500,11.0,24
12513,9.0,24
14176,10.0,24
15233,14.0,24
15374,1.0,24
14704,3.0,24
14228,91.0,24
14140,2.0,24
14142,199.0,24
12232,4.0,24
14355,2.0,24
15016,2.0,24
14502,1.0,24
15179,1.0,24
14384,25.0,24
11961,3.0,24
9033,16.0,24
9994,180.0,24
10020,34.0,24
10120,28.0,24
8377,48.0,24
8615,28.0,24
8653,9.0,24
8656,37.0,24
8670,20.0,24
8701,11.0,24
8704,2.0,24
8842,3.0,24
8863,27.0,24
9001,13.0,24
10305,5.0,24
10334,26.0,24
11054,31.0,24
11184,12.0,24
11247,19.0,24
11413,38.0,24
11619,2.0,24
11730,11.0,24
12107,4.0,24
12116,24.0,24
10942,14.0,24
10928,22.0,24
10914,22.0,24
10908,14.0,24
10337,22.0,24
10343,32.0,24
10348,29.0,24
10445,14.0,24
10643,6.0,24
10692,7.0,24
10325,33.0,24
10490,29.0,24
10511,68.0,24
10784,25.0,24
10891,9.0,24
10907,12.0,24
20361,14.0,24
20778,5.0,24
19804,12.0,24
19158,18.0,24
19190,3.0,24
19614,2.0,24
19647,2.0,24
19672,18.0,24
19679,5.0,24
19787,11.0,24
21562,7.0,24
21880,12.0,24
22091,61.0,24
21442,31.0,24
21440,36.0,24
21427,37.0,24
21130,1.0,24
16361,25.0,24
16880,13.0,24
17101,6.0,24
16175,26.0,24
17376,8.0,24
17527,7.0,24
17785,24.0,24
17892,9.0,24
18149,16.0,24
18462,17.0,24
18498,4.0,24
18672,8.0,24
18958,12.0,24
19006,24.0,24
19041,14.0,24
17333,18.0,24
17234,2.0,24
3935,38.0,24
4067,13.0,24
3933,15.0,24
3633,35.0,24
3651,10.0,24
3833,46.0,24
3835,61.0,24
3820,1.0,24
3891,16.0,24
4871,49.0,24
4885,21.0,24
4904,77.0,24
4717,74.0,24
5183,4.0,24
5207,1.0,24
4997,26.0,24
4998,18.0,24
5011,4.0,24
4602,11.0,24
4251,12.0,24
4100,8.0,24
4362,8.0,24
4364,16.0,24
4382,23.0,24
4445,8.0,24
4554,30.0,24
3108,40.0,24
3109,3.0,24
3115,15.0,24
3238,9.0,24
3251,11.0,24
3425,1.0,24
3030,16.0,24
2581,6.0,24
2592,62.0,24
2591,17.0,24
2607,35.0,24
2614,15.0,24
2780,116.0,24
2785,26.0,24
2799,49.0,24
2832,2.0,24
2873,31.0,24
3479,66.0,24
3580,4.0,24
3675,30.0,24
3605,7.0,24
3606,1.0,24
3707,63.0,24
8095,30.0,24
6777,6.0,24
6798,10.0,24
7005,25.0,24
7015,1.0,24
7213,71.0,24
7215,96.0,24
7270,16.0,24
7293,14.0,24
7336,11.0,24
7384,12.0,24
7478,1.0,24
6502,3.0,24
6308,76.0,24
6353,16.0,24
7507,12.0,24
7508,6.0,24
7951,2.0,24
7920,3.0,24
7937,7.0,24
8043,29.0,24
8035,20.0,24
8089,14.0,24
7780,35.0,24
7799,6.0,24
7673,16.0,24
7838,24.0,24
5511,23.0,24
5816,22.0,24
5323,77.0,24
5036,44.0,24
5363,5.0,24
6087,2.0,24
6051,36.0,24
6183,54.0,24
6376,21.0,24
6393,25.0,24
6399,23.0,24
6243,17.0,24
6432,4.0,24
6436,72.0,24
5674,38.0,24
5573,2.0,24
5601,19.0,24
5637,27.0,24
5655,63.0,24
5658,7.0,24
5661,59.0,24
2778,16.0,24
5660,117.0,24
5662,16.0,24
5659,10.0,24
5552,26.0,24
5915,8.0,24
5580,13.0,24
5583,65.0,24
5593,5.0,24
5594,2.0,24
5605,31.0,24
6542,1.0,24
6547,1.0,24
6554,1.0,24
6558,1.0,24
6561,2.0,24
6616,3.0,24
6307,19.0,24
6624,40.0,24
6632,4.0,24
6673,5.0,24
6064,31.0,24
6008,9.0,24
6095,2.0,24
6108,17.0,24
6045,15.0,24
6171,8.0,24
6422,16.0,24
6202,13.0,24
4808,83.0,24
4821,25.0,24
5010,17.0,24
5240,33.0,24
5271,43.0,24
4470,10.0,24
4481,7.0,24
4499,8.0,24
4551,17.0,24
4790,1.0,24
5065,5.0,24
5324,50.0,24
5444,14.0,24
5488,16.0,24
5516,33.0,24
5401,13.0,24
9995,75.0,24
10021,26.0,24
10116,1.0,24
10300,22.0,24
10353,2.0,24
10380,23.0,24
10500,14.0,24
9965,2.0,24
8841,1.0,24
8852,28.0,24
8862,3.0,24
8867,2.0,24
9414,25.0,24
9413,28.0,24
9419,8.0,24
11743,1.0,24
11748,1.0,24
11909,13.0,24
12315,9.0,24
12321,8.0,24
12337,11.0,24
11498,23.0,24
11529,16.0,24
10718,26.0,24
10811,1.0,24
10820,5.0,24
10842,51.0,24
10889,13.0,24
10894,9.0,24
11010,12.0,24
11185,54.0,24
8072,8.0,24
7159,19.0,24
7342,9.0,24
7492,8.0,24
6953,14.0,24
6875,15.0,24
7018,61.0,24
7052,4.0,24
6877,3.0,24
7931,2.0,24
7934,13.0,24
7935,4.0,24
8012,15.0,24
8133,5.0,24
8192,7.0,24
8237,34.0,24
8249,7.0,24
8528,12.0,24
8663,1.0,24
8672,37.0,24
8684,14.0,24
7924,7.0,24
7670,2.0,24
7861,12.0,24
7953,4.0,24
7980,3.0,24
7917,13.0,24
1527,7.0,24
1830,45.0,24
1826,5.0,24
1450,19.0,24
2084,3.0,24
2431,15.0,24
2279,6.0,24
2316,3.0,24
1968,9.0,24
1727,3.0,24
1734,3.0,24
2289,7.0,24
2294,4.0,24
1249,24.0,24
1243,1.0,24
19173,7.0,24
19591,4.0,24
19790,3.0,24
19845,3.0,24
20091,20.0,24
17403,10.0,24
17870,2.0,24
19254,5.0,24
18411,9.0,24
18466,10.0,24
18994,15.0,24
21704,14.0,24
21723,2.0,24
21878,6.0,24
22020,2.0,24
31,25.0,24
1024,9.0,24
1076,21.0,24
1126,1.0,24
21627,24.0,24
21560,4.0,24
20735,8.0,24
20947,2.0,24
20315,12.0,24
21272,6.0,24
21274,12.0,24
21400,23.0,24
21432,10.0,24
12362,147.0,24
3656,27.0,24
3344,65.0,24
3355,4.0,24
3365,61.0,24
4266,1.0,24
3814,3.0,24
3972,5.0,24
4029,12.0,24
4050,9.0,24
4135,23.0,24
2863,60.0,24
2865,22.0,24
2866,73.0,24
2867,21.0,24
2870,54.0,24
2875,95.0,24
2877,39.0,24
2934,17.0,24
2957,2.0,24
2862,64.0,24
2860,69.0,24
2859,192.0,24
2580,2.0,24
2781,17.0,24
2782,17.0,24
2854,4.0,24
2857,2.0,24
3316,11.0,24
3329,38.0,24
3332,23.0,24
3032,5.0,24
3183,45.0,24
13104,41.0,24
2816,36.0,24
2623,3.0,24
2625,6.0,24
2635,14.0,24
2639,15.0,24
2517,2.0,24
3280,7.0,24
3286,4.0,24
3290,7.0,24
3327,13.0,24
3107,17.0,24
3158,27.0,24
3239,8.0,24
3168,6.0,24
1915,25.0,24
1673,20.0,24
2049,6.0,24
1857,27.0,24
1866,13.0,24
2210,5.0,24
2176,5.0,24
2104,11.0,24
4285,15.0,24
4300,6.0,24
4604,11.0,24
4607,16.0,24
4610,26.0,24
4579,11.0,24
4437,4.0,24
4736,5.0,24
3543,10.0,24
3348,24.0,24
3932,14.0,24
3967,20.0,24
3970,11.0,24
4001,9.0,24
4003,11.0,24
4008,9.0,24
3897,5.0,24
3886,10.0,24
3871,25.0,24
3634,18.0,24
3869,29.0,24
16059,59.0,24
16138,11.0,24
16180,32.0,24
15646,1.0,24
15702,16.0,24
15447,12.0,24
15470,30.0,24
15527,3.0,24
15906,4.0,24
16036,22.0,24
17157,5.0,24
17211,1.0,24
17709,12.0,24
17420,3.0,24
16898,22.0,24
15780,12.0,24
17584,3.0,24
13451,2.0,24
13521,26.0,24
13518,13.0,24
12764,12.0,24
12812,20.0,24
12917,39.0,24
12964,11.0,24
12970,26.0,24
12990,10.0,24
13028,13.0,24
13850,16.0,24
13856,16.0,24
13875,7.0,24
13880,69.0,24
13888,35.0,24
13441,1.0,24
12477,22.0,24
12482,8.0,24
12485,11.0,24
12515,12.0,24
12550,31.0,24
12563,11.0,24
13140,1.0,24
13901,8.0,24
12613,2.0,24
13961,1.0,24
14729,1.0,24
14862,1.0,24
14888,3.0,24
15236,2.0,24
15304,11.0,24
15318,2.0,24
14076,1.0,24
14121,1.0,24
14124,20.0,24
14457,47.0,24
14441,1.0,24
14492,1.0,24
14931,38.0,24
17480,3.0,24
22120,2.0,24
77,32.0,24
687,13.0,24
806,48.0,24
832,5.0,24
835,4.0,24
948,6.0,24
962,16.0,24
984,8.0,24
22092,82.0,24
21793,8.0,24
21760,26.0,24
21885,36.0,24
21930,4.0,24
1010,23.0,24
1016,4.0,24
1541,41.0,24
1131,27.0,24
1247,5.0,24
21612,9.0,24
21611,2.0,24
21530,9.0,24
21454,4.0,24
19003,9.0,24
19088,6.0,24
18669,17.0,24
18650,1.0,24
18370,8.0,24
18404,4.0,24
18484,8.0,24
18583,5.0,24
17873,1.0,24
20631,26.0,24
20667,3.0,24
20732,10.0,24
21481,3.0,24
21388,17.0,24
19665,14.0,24
19788,9.0,24
19988,7.0,24
20362,4.0,24
20402,8.0,24
7713,13.0,24
7458,29.0,24
7459,20.0,24
7726,12.0,24
7880,17.0,24
8743,32.0,24
8804,1.0,24
8918,4.0,24
8625,52.0,24
7930,11.0,24
7932,15.0,24
8472,8.0,24
8226,20.0,24
8417,33.0,24
8596,1.0,24
8624,35.0,24
7275,4.0,24
6606,2.0,24
6629,1.0,24
6238,19.0,24
6473,14.0,24
6501,8.0,24
6480,4.0,24
6893,1.0,24
7206,51.0,24
7232,11.0,24
7252,14.0,24
7256,13.0,24
7075,23.0,24
6370,11.0,24
6911,7.0,24
6857,15.0,24
13405,57.0,24
13492,7.0,24
13592,15.0,24
12860,23.0,24
13797,10.0,24
13827,54.0,24
13837,13.0,24
13851,24.0,24
14175,4.0,24
12463,21.0,24
12501,4.0,24
12504,8.0,24
12524,12.0,24
12551,22.0,24
12600,10.0,24
12677,13.0,24
13395,3.0,24
15120,4.0,24
15121,18.0,24
14710,38.0,24
15219,8.0,24
14041,6.0,24
14430,24.0,24
14442,36.0,24
14310,3.0,24
12352,8.0,24
10051,10.0,24
10068,4.0,24
10143,6.0,24
10146,4.0,24
10294,9.0,24
10563,12.0,24
10617,11.0,24
10638,7.0,24
10670,10.0,24
10479,16.0,24
10480,12.0,24
10005,1.0,24
9035,11.0,24
9057,6.0,24
9065,13.0,24
9507,13.0,24
9539,7.0,24
9799,14.0,24
9870,8.0,24
9871,21.0,24
9873,35.0,24
9876,3.0,24
9964,7.0,24
11658,16.0,24
11679,2.0,24
11711,23.0,24
11776,27.0,24
11994,4.0,24
12208,3.0,24
10823,14.0,24
10968,10.0,24
11030,16.0,24
11097,11.0,24
11181,6.0,24
11484,24.0,24
11178,61.0,24
3385,7.0,24
3546,12.0,24
3566,1.0,24
3936,23.0,24
3945,12.0,24
3626,5.0,24
3640,4.0,24
2871,24.0,24
2969,21.0,24
3000,14.0,24
3014,20.0,24
2810,5.0,24
3268,11.0,24
5827,262.0,24
5832,24.0,24
5833,28.0,24
5834,28.0,24
5836,16.0,24
5837,179.0,24
5858,3.0,24
5470,7.0,24
5473,4.0,24
5485,24.0,24
5653,14.0,24
5682,8.0,24
5945,23.0,24
6062,28.0,24
5999,8.0,24
6092,56.0,24
6135,3.0,24
5581,30.0,24
5591,6.0,24
5610,4.0,24
5613,3.0,24
4072,4.0,24
4225,6.0,24
4247,48.0,24
5242,19.0,24
5246,33.0,24
4678,30.0,24
4835,7.0,24
4634,24.0,24
7004,6.0,24
5962,38.0,24
6007,16.0,24
6113,5.0,24
6162,40.0,24
6192,3.0,24
6236,10.0,24
6604,3.0,24
5462,1.0,24
5486,8.0,24
5631,23.0,24
8352,1.0,24
8353,3.0,24
8410,1.0,24
8416,12.0,24
6811,7.0,24
7122,1.0,24
3553,78.0,24
3592,1.0,24
3593,1.0,24
2643,6.0,24
2654,2.0,24
2655,1.0,24
2656,2.0,24
3080,1.0,24
3196,3.0,24
3659,1.0,24
3777,9.0,24
4436,2.0,24
4497,3.0,24
4781,1.0,24
3793,1.0,24
3823,12.0,24
3988,6.0,24
4011,1.0,24
4123,5.0,24
4339,11.0,24
8662,11.0,24
14053,7.0,24
14147,11.0,24
14439,7.0,24
15043,2.0,24
14890,1.0,24
13941,3.0,24
13921,1.0,24
12805,21.0,24
12807,14.0,24
12809,9.0,24
12826,18.0,24
12848,8.0,24
12889,14.0,24
13736,4.0,24
13923,23.0,24
16671,16.0,24
17042,20.0,24
17113,6.0,24
17233,10.0,24
17302,28.0,24
15794,2.0,24
15444,12.0,24
15532,13.0,24
15786,25.0,24
10661,17.0,24
10497,1.0,24
10502,8.0,24
10719,19.0,24
10391,14.0,24
8690,7.0,24
8875,2.0,24
9541,28.0,24
10029,2.0,24
10083,9.0,24
10148,6.0,24
8637,17.0,24
12445,4.0,24
12498,16.0,24
12527,7.0,24
12708,3.0,24
10998,17.0,24
11134,7.0,24
11213,2.0,24
11266,5.0,24
8071,24.0,24
11490,7.0,24
11788,1.0,24
11806,6.0,24
11607,16.0,24
16582,1.0,24
17209,3.0,24
17254,2.0,24
17270,10.0,24
16454,15.0,24
18622,33.0,24
18699,6.0,24
18701,12.0,24
18721,9.0,24
18833,3.0,24
18439,16.0,24
17789,20.0,24
17817,23.0,24
17947,4.0,24
17982,8.0,24
15631,18.0,24
16003,12.0,24
15519,20.0,24
15866,10.0,24
15931,1.0,24
16245,20.0,24
16058,6.0,24
19033,18.0,24
1045,4.0,24
1099,24.0,24
1114,9.0,24
1211,1.0,24
1232,13.0,24
1288,6.0,24
1292,5.0,24
1328,1.0,24
1608,4.0,24
154,3.0,24
21680,5.0,24
21842,18.0,24
21875,29.0,24
2597,3.0,24
2615,9.0,24
2116,2.0,24
2141,5.0,24
2159,4.0,24
2099,2.0,24
19857,9.0,24
20018,6.0,24
19900,19.0,24
20219,38.0,24
20355,11.0,24
20373,8.0,24
19784,11.0,24
19454,1.0,24
19621,14.0,24
20663,2.0,24
4615,17.0,24
19785,6.0,24
18685,16.0,24
18957,7.0,24
19916,18.0,24
20659,8.0,24
18623,10.0,24
18520,7.0,24
16603,6.0,24
16956,17.0,24
17164,11.0,24
16315,19.0,24
15747,11.0,24
15749,9.0,24
16439,14.0,24
16459,7.0,24
16508,10.0,24
17865,8.0,24
17890,15.0,24
18212,2.0,24
18280,20.0,24
18326,15.0,24
18384,19.0,24
18426,7.0,24
18445,7.0,24
17496,14.0,24
17332,6.0,24
17346,14.0,24
1670,9.0,24
1743,5.0,24
2031,8.0,24
2032,4.0,24
1623,1.0,24
1810,4.0,24
1824,9.0,24
2119,2.0,24
2191,1.0,24
2209,1.0,24
2406,1.0,24
2090,8.0,24
2287,16.0,24
2297,8.0,24
22070,7.0,24
30,14.0,24
62,1.0,24
491,16.0,24
837,6.0,24
949,14.0,24
15640,4.0,24
1299,7.0,24
1315,11.0,24
1480,8.0,24
1298,4.0,24
1413,3.0,24
1390,10.0,24
1104,7.0,24
1224,28.0,24
1241,8.0,24
10347,25.0,24
10388,8.0,24
10390,7.0,24
10405,1.0,24
10452,19.0,24
10456,10.0,24
10172,1.0,24
9589,9.0,24
9830,5.0,24
9831,5.0,24
9832,5.0,24
10101,7.0,24
11893,25.0,24
12118,23.0,24
11973,4.0,24
11460,9.0,24
11454,7.0,24
10778,12.0,24
10868,9.0,24
11101,1.0,24
11102,1.0,24
11146,12.0,24
11258,4.0,24
11414,13.0,24
11417,2.0,24
11169,1.0,24
7737,3.0,24
7883,2.0,24
7020,10.0,24
7323,10.0,24
7328,18.0,24
7369,4.0,24
7428,6.0,24
8888,9.0,24
8798,1.0,24
8091,14.0,24
8092,22.0,24
8471,8.0,24
8657,17.0,24
15424,3.0,24
15226,19.0,24
15260,16.0,24
15325,4.0,24
16186,5.0,24
16239,9.0,24
16065,13.0,24
15114,11.0,24
13465,6.0,24
13542,21.0,24
12803,4.0,24
12817,14.0,24
12828,23.0,24
12835,2.0,24
12883,8.0,24
13628,12.0,24
12397,6.0,24
13122,33.0,24
13138,16.0,24
12718,13.0,24
13023,13.0,24
14249,11.0,24
14266,7.0,24
14280,5.0,24
14451,3.0,24
14546,4.0,24
13024,6.0,24
13787,12.0,24
13852,13.0,24
6689,18.0,24
6319,8.0,24
6737,17.0,24
6345,2.0,24
6625,17.0,24
6789,1.0,24
6619,22.0,24
6281,3.0,24
6804,8.0,24
7188,4.0,24
7257,5.0,24
7298,5.0,24
7473,2.0,24
7524,18.0,24
7564,1.0,24
6815,8.0,24
7068,2.0,24
6256,1.0,24
5638,29.0,24
6057,12.0,24
6190,2.0,24
6390,1.0,24
5946,19.0,24
6063,16.0,24
6002,15.0,24
6004,14.0,24
6090,5.0,24
9796,21.0,24
9862,11.0,24
9783,3.0,24
8955,8.0,24
8963,2.0,24
10435,19.0,24
10651,4.0,24
10671,4.0,24
10674,4.0,24
10688,2.0,24
10691,7.0,24
10472,2.0,24
10516,4.0,24
10144,4.0,24
10340,25.0,24
10308,1.0,24
8806,1.0,24
7795,1.0,24
7650,15.0,24
8220,4.0,24
8228,2.0,24
8252,1.0,24
8356,3.0,24
8360,1.0,24
8369,13.0,24
8414,2.0,24
8571,19.0,24
8731,11.0,24
8115,1.0,24
8117,1.0,24
8118,1.0,24
8136,1.0,24
3710,3.0,24
3717,1.0,24
3360,1.0,24
3477,5.0,24
2809,22.0,24
2244,20.0,24
2766,33.0,24
2534,3.0,24
2540,2.0,24
2669,4.0,24
3079,8.0,24
3104,4.0,24
2819,11.0,24
2626,11.0,24
2864,19.0,24
4877,4.0,24
4669,6.0,24
4675,1.0,24
4944,3.0,24
4550,2.0,24
4583,6.0,24
4616,1.0,24
4963,21.0,24
5341,9.0,24
5459,35.0,24
5460,4.0,24
5467,4.0,24
5507,4.0,24
5515,2.0,24
5817,9.0,24
5310,1.0,24
5305,8.0,24
5204,22.0,24
4996,20.0,24
5260,19.0,24
5057,6.0,24
3985,7.0,24
3990,11.0,24
4138,23.0,24
3957,3.0,24
3657,3.0,24
3801,4.0,24
3877,2.0,24
3818,2.0,24
4353,5.0,24
4401,6.0,24
4427,12.0,24
4428,1.0,24
4110,4.0,24
4531,11.0,24
5439,3.0,24
4980,6.0,24
3346,13.0,24
3372,3.0,24
3937,9.0,24
7725,34.0,24
7970,1.0,24
7332,1.0,24
7335,3.0,24
7351,8.0,24
7433,6.0,24
9797,15.0,24
9902,14.0,24
10316,7.0,24
10613,7.0,24
8449,5.0,24
7053,2.0,24
8758,6.0,24
8971,5.0,24
8972,7.0,24
7047,35.0,24
5679,5.0,24
5680,2.0,24
6117,22.0,24
5654,8.0,24
6229,5.0,24
6270,7.0,24
6368,45.0,24
6908,5.0,24
7009,4.0,24
16503,9.0,24
16688,6.0,24
14668,8.0,24
15996,4.0,24
16970,5.0,24
18257,9.0,24
18696,19.0,24
17869,23.0,24
15044,1.0,24
11099,15.0,24
11899,8.0,24
12062,7.0,24
9910,6.0,24
13861,16.0,24
13893,14.0,24
14418,16.0,24
12473,17.0,24
12549,7.0,24
13421,8.0,24
12797,22.0,24
12693,9.0,24
2068,1.0,24
1795,2.0,24
2830,8.0,24
2358,5.0,24
2163,6.0,24
2466,3.0,24
20733,7.0,24
20740,7.0,24
19092,23.0,24
19780,8.0,24
20126,21.0,24
638,1.0,24
951,1.0,24
1391,7.0,24
1454,4.0,24
22059,10.0,24
21602,3.0,24
3449,12.0,24
3652,2.0,24
3834,3.0,24
3547,3.0,24
1946,1.0,24
2039,25.0,24
2916,5.0,24
2485,3.0,24
1812,3.0,24
6088,32.0,24
6170,3.0,24
5577,4.0,24
6504,15.0,24
4418,9.0,24
4628,14.0,24
4092,6.0,24
4107,8.0,24
5353,6.0,24
5362,13.0,24
5040,27.0,24
4966,1.0,24
5286,1.0,24
15335,11.0,24
14899,7.0,24
14312,7.0,24
14672,8.0,24
15683,15.0,24
15997,4.0,24
15998,5.0,24
14039,4.0,24
12047,4.0,24
11242,7.0,24
10729,6.0,24
10887,10.0,24
10897,6.0,24
10904,14.0,24
10911,14.0,24
10939,10.0,24
11060,9.0,24
11106,11.0,24
11145,6.0,24
11232,2.0,24
13709,15.0,24
13728,5.0,24
13817,14.0,24
14019,52.0,24
12778,8.0,24
12491,15.0,24
12544,12.0,24
21370,12.0,24
20375,5.0,24
21383,15.0,24
1294,4.0,24
983,14.0,24
21874,30.0,24
981,5.0,24
17319,6.0,24
17219,1.0,24
16948,10.0,24
16957,12.0,24
16983,14.0,24
17396,4.0,24
17112,10.0,24
17126,3.0,24
18834,15.0,24
18887,4.0,24
19189,6.0,24
19194,4.0,24
19195,2.0,24
18071,3.0,24
18271,1.0,24
18360,8.0,24
18396,8.0,24
18532,9.0,24
17365,13.0,24
17375,2.0,24
17391,9.0,24
17400,6.0,24
17811,17.0,24
17859,5.0,24
17980,5.0,24
18138,5.0,24
18680,5.0,24
18714,9.0,24
18796,14.0,24
18835,10.0,24
18851,15.0,24
18925,9.0,24
18939,8.0,24
18200,4.0,24
18464,7.0,24
17045,12.0,24
15520,22.0,24
15525,3.0,24
15940,4.0,24
16022,8.0,24
16069,22.0,24
17017,8.0,24
16499,1.0,24
15578,1.0,24
21996,5.0,24
21872,5.0,24
21850,4.0,24
21826,1.0,24
21528,8.0,24
21732,11.0,24
1017,11.0,24
2100,10.0,24
1322,8.0,24
20078,11.0,24
20217,26.0,24
19098,6.0,24
19160,5.0,24
20259,25.0,24
20649,9.0,24
20737,2.0,24
20242,19.0,24
15458,26.0,24
10706,1.0,24
11304,9.0,24
10934,7.0,24
10986,3.0,24
10437,4.0,24
10625,8.0,24
10642,4.0,24
10669,7.0,24
11904,17.0,24
12128,2.0,24
11807,2.0,24
11682,4.0,24
11081,12.0,24
10352,1.0,24
11259,10.0,24
11261,9.0,24
11485,3.0,24
11502,11.0,24
11645,8.0,24
8256,7.0,24
8363,16.0,24
8400,7.0,24
8754,10.0,24
8778,28.0,24
8779,12.0,24
8816,16.0,24
8195,12.0,24
7968,1.0,24
8112,1.0,24
8164,1.0,24
8189,1.0,24
8818,6.0,24
9798,12.0,24
9805,12.0,24
10102,7.0,24
10160,11.0,24
10292,20.0,24
10301,8.0,24
10331,34.0,24
9548,2.0,24
14583,17.0,24
14088,2.0,24
14103,17.0,24
14320,17.0,24
14338,6.0,24
14386,20.0,24
14762,9.0,24
15300,15.0,24
15297,4.0,24
14887,2.0,24
15224,9.0,24
15262,31.0,24
13834,14.0,24
13849,4.0,24
14160,1.0,24
13853,4.0,24
13859,3.0,24
14018,35.0,24
2688,13.0,24
2783,1.0,24
2291,1.0,24
2439,1.0,24
2575,8.0,24
3033,9.0,24
3447,14.0,24
3301,2.0,24
2887,2.0,24
2896,1.0,24
2897,1.0,24
464,14.0,24
472,31.0,24
494,3.0,24
613,1.0,24
614,1.0,24
634,1.0,24
64,9.0,24
49,2.0,24
21420,18.0,24
21447,11.0,24
686,2.0,24
21752,16.0,24
40,1.0,24
45,11.0,24
21694,1.0,24
784,6.0,24
1511,1.0,24
1836,1.0,24
789,1.0,24
795,6.0,24
980,5.0,24
991,1.0,24
5863,2.0,24
5868,1.0,24
5869,3.0,24
6570,5.0,24
6592,2.0,24
6601,2.0,24
6612,1.0,24
6613,4.0,24
6679,35.0,24
6567,1.0,24
6565,3.0,24
6200,1.0,24
6418,9.0,24
6426,10.0,24
6513,0.0,24
6538,1.0,24
6539,1.0,24
6555,1.0,24
6559,1.0,24
5797,2.0,24
3973,3.0,24
4039,4.0,24
4197,1.0,24
4101,1.0,24
4397,2.0,24
3497,5.0,24
3716,9.0,24
5068,3.0,24
5070,3.0,24
5374,1.0,24
5317,1.0,24
4701,3.0,24
4702,6.0,24
5205,19.0,24
7984,15.0,24
9209,2.0,24
8848,6.0,24
9067,8.0,24
6835,12.0,24
7770,2.0,24
5247,3.0,24
4956,5.0,24
3539,3.0,24
3832,32.0,24
3159,9.0,24
4890,2.0,24
4091,3.0,24
16542,4.0,24
16823,1.0,24
16860,2.0,24
17167,26.0,24
17221,3.0,24
15650,2.0,24
15403,4.0,24
16200,4.0,24
17776,2.0,24
19561,1.0,24
19692,29.0,24
17978,12.0,24
18417,14.0,24
11787,8.0,24
12212,14.0,24
12394,6.0,24
12480,25.0,24
9819,8.0,24
10099,14.0,24
10631,4.0,24
10741,10.0,24
14278,2.0,24
14362,3.0,24
14416,3.0,24
13946,14.0,24
13936,10.0,24
13914,7.0,24
12542,19.0,24
13725,6.0,24
13727,9.0,24
13058,8.0,24
13812,9.0,24
17412,2.0,24
17435,2.0,24
17453,1.0,24
17464,2.0,24
17767,1.0,24
17818,5.0,24
17907,3.0,24
17399,9.0,24
17996,3.0,24
18141,1.0,24
18620,8.0,24
18719,5.0,24
18801,4.0,24
18839,2.0,24
18946,6.0,24
18959,1.0,24
18983,3.0,24
19035,1.0,24
18395,1.0,24
18434,8.0,24
16244,4.0,24
15588,1.0,24
15615,6.0,24
17202,4.0,24
17208,1.0,24
17239,1.0,24
17259,3.0,24
17264,2.0,24
17292,1.0,24
16897,19.0,24
16891,3.0,24
16735,7.0,24
16791,1.0,24
16565,17.0,24
16587,9.0,24
16604,3.0,24
16679,9.0,24
19052,5.0,24
21255,1.0,24
21352,1.0,24
21371,1.0,24
21372,1.0,24
21839,3.0,24
22000,1.0,24
21425,3.0,24
21773,2.0,24
21666,1.0,24
21652,2.0,24
20884,8.0,24
19492,1.0,24
19495,2.0,24
19496,4.0,24
19498,2.0,24
19537,3.0,24
19668,8.0,24
19749,1.0,24
19753,7.0,24
19157,5.0,24
19053,3.0,24
19080,7.0,24
19123,3.0,24
19987,6.0,24
19825,2.0,24
19836,8.0,24
19894,12.0,24
20028,12.0,24
20211,1.0,24
20364,1.0,24
20061,1.0,24
12358,7.0,24
12380,6.0,24
13100,2.0,24
13119,3.0,24
12539,11.0,24
12333,6.0,24
12558,12.0,24
12784,1.0,24
12804,19.0,24
12838,9.0,24
12840,14.0,24
12876,2.0,24
12878,8.0,24
12971,1.0,24
13616,12.0,24
13543,4.0,24
12619,17.0,24
12625,7.0,24
12637,3.0,24
12730,12.0,24
12644,3.0,24
11339,1.0,24
11047,3.0,24
11073,13.0,24
11173,5.0,24
10557,1.0,24
10713,1.0,24
10748,11.0,24
11264,2.0,24
10833,10.0,24
10882,36.0,24
10892,10.0,24
10927,14.0,24
11805,6.0,24
11920,2.0,24
11923,3.0,24
11924,1.0,24
11943,2.0,24
12190,3.0,24
11795,11.0,24
11758,12.0,24
11520,5.0,24
11541,15.0,24
11569,3.0,24
11681,3.0,24
11710,1.0,24
15301,10.0,24
15393,6.0,24
14733,7.0,24
14755,13.0,24
14787,15.0,24
15263,2.0,24
16111,7.0,24
15180,6.0,24
15995,6.0,24
15999,4.0,24
15174,2.0,24
13903,12.0,24
14169,3.0,24
14037,8.0,24
14252,13.0,24
14293,3.0,24
13649,1.0,24
13655,13.0,24
13009,1.0,24
13825,10.0,24
13619,7.0,24
14390,25.0,24
15086,11.0,24
15105,6.0,24
15117,3.0,24
15125,3.0,24
15131,6.0,24
15054,1.0,24
14464,2.0,24
15023,1.0,24
14389,22.0,24
14522,1.0,24
4889,2.0,24
4637,19.0,24
4352,10.0,24
4393,8.0,24
4421,4.0,24
4633,19.0,24
6929,8.0,24
6631,3.0,24
7266,1.0,24
6482,7.0,24
6492,3.0,24
6415,2.0,24
6420,2.0,24
2268,8.0,24
1988,10.0,24
2296,3.0,24
2833,3.0,24
2708,2.0,24
1406,5.0,24
1037,9.0,24
1035,3.0,24
22058,23.0,24
293,5.0,24
831,4.0,24
1837,4.0,24
1835,3.0,24
3528,11.0,24
3548,3.0,24
2895,2.0,24
2901,1.0,24
2904,1.0,24
2907,2.0,24
2913,2.0,24
3444,6.0,24
3101,4.0,24
19045,5.0,24
19064,1.0,24
18980,5.0,24
19023,7.0,24
19025,3.0,24
19039,3.0,24
19473,4.0,24
19474,5.0,24
19159,8.0,24
18491,8.0,24
18501,4.0,24
18521,3.0,24
19314,3.0,24
19319,2.0,24
18573,3.0,24
18279,2.0,24
19286,6.0,24
18332,4.0,24
18335,9.0,24
18342,9.0,24
18363,9.0,24
18361,2.0,24
18424,5.0,24
18799,3.0,24
18822,5.0,24
18832,8.0,24
18926,8.0,24
18968,1.0,24
19420,6.0,24
18779,5.0,24
18778,5.0,24
19338,3.0,24
18594,3.0,24
18624,12.0,24
18708,5.0,24
18736,6.0,24
18671,3.0,24
20328,6.0,24
20224,4.0,24
20346,5.0,24
20094,2.0,24
20490,1.0,24
20505,1.0,24
20525,1.0,24
20592,1.0,24
20433,1.0,24
20048,9.0,24
20033,8.0,24
19687,1.0,24
19981,5.0,24
19648,9.0,24
19493,1.0,24
19500,1.0,24
19501,2.0,24
19509,5.0,24
19576,2.0,24
19588,11.0,24
19611,5.0,24
19628,2.0,24
18255,8.0,24
19868,4.0,24
19818,3.0,24
19792,3.0,24
20005,3.0,24
18253,6.0,24
18230,2.0,24
18222,6.0,24
16546,8.0,24
16554,1.0,24
16556,4.0,24
16567,3.0,24
16570,4.0,24
16538,2.0,24
16533,2.0,24
16537,1.0,24
16889,5.0,24
16904,2.0,24
16947,8.0,24
16949,3.0,24
17610,9.0,24
16685,3.0,24
16733,14.0,24
16748,8.0,24
15757,9.0,24
15764,2.0,24
15751,1.0,24
15746,9.0,24
16327,8.0,24
17624,5.0,24
16351,3.0,24
16442,2.0,24
16444,4.0,24
16356,1.0,24
16429,2.0,24
16430,2.0,24
17064,8.0,24
17508,1.0,24
17509,1.0,24
17756,9.0,24
17568,5.0,24
17572,5.0,24
18017,3.0,24
17872,3.0,24
17385,4.0,24
17390,3.0,24
17413,7.0,24
17421,26.0,24
17427,6.0,24
17458,8.0,24
17459,3.0,24
18126,9.0,24
18146,1.0,24
18163,18.0,24
18186,16.0,24
18195,2.0,24
18209,3.0,24
18100,2.0,24
18070,5.0,24
17925,2.0,24
18078,1.0,24
17963,6.0,24
17977,11.0,24
18091,8.0,24
17172,8.0,24
17670,3.0,24
17630,2.0,24
17635,2.0,24
17638,2.0,24
17110,6.0,24
17125,9.0,24
17135,4.0,24
17137,2.0,24
17242,11.0,24
17701,1.0,24
3544,4.0,24
4265,1.0,24
3160,8.0,24
2939,17.0,24
3151,3.0,24
5684,10.0,24
5647,2.0,24
6234,14.0,24
4710,16.0,24
4861,1.0,24
5542,4.0,24
21675,5.0,24
21679,11.0,24
21576,2.0,24
21445,12.0,24
21379,2.0,24
21597,7.0,24
21619,20.0,24
21592,3.0,24
20694,2.0,24
20854,1.0,24
20238,1.0,24
20243,44.0,24
20993,2.0,24
21082,1.0,24
21254,1.0,24
21257,2.0,24
21271,14.0,24
21326,2.0,24
21480,1.0,24
21359,7.0,24
20950,1.0,24
20287,1.0,24
20290,3.0,24
21790,3.0,24
1479,2.0,24
1142,2.0,24
38,7.0,24
1890,2.0,24
1611,2.0,24
22139,16.0,24
21979,9.0,24
21827,3.0,24
21830,1.0,24
21863,11.0,24
21868,1.0,24
21791,1.0,24
21797,2.0,24
21799,2.0,24
21764,6.0,24
22045,3.0,24
22047,1.0,24
22054,2.0,24
22060,8.0,24
22072,3.0,24
22074,1.0,24
22111,7.0,24
21918,2.0,24
22013,2.0,24
22018,1.0,24
22023,2.0,24
11400,15.0,24
11425,3.0,24
11412,2.0,24
11431,14.0,24
11457,3.0,24
11523,20.0,24
11268,6.0,24
11217,1.0,24
11254,1.0,24
11524,16.0,24
11526,9.0,24
11622,9.0,24
11826,3.0,24
11670,3.0,24
11717,1.0,24
11723,7.0,24
11724,1.0,24
11750,4.0,24
11767,7.0,24
11528,9.0,24
11531,5.0,24
11542,3.0,24
11489,10.0,24
11363,3.0,24
10701,2.0,24
10708,1.0,24
10750,10.0,24
10763,5.0,24
10770,18.0,24
10862,11.0,24
11341,2.0,24
11020,4.0,24
11349,2.0,24
11092,5.0,24
11323,4.0,24
10893,1.0,24
10940,1.0,24
10944,11.0,24
10945,5.0,24
13081,2.0,24
12399,18.0,24
13085,12.0,24
12487,12.0,24
13132,7.0,24
12497,6.0,24
13133,2.0,24
12522,4.0,24
12523,12.0,24
13120,4.0,24
13086,10.0,24
11962,7.0,24
12193,9.0,24
12179,2.0,24
12177,1.0,24
11798,3.0,24
11799,5.0,24
11800,3.0,24
11801,4.0,24
11803,3.0,24
11804,4.0,24
12132,4.0,24
11972,2.0,24
12213,2.0,24
12031,10.0,24
12048,9.0,24
12075,8.0,24
9357,1.0,24
9365,1.0,24
9385,6.0,24
9092,3.0,24
9151,4.0,24
10180,6.0,24
10184,2.0,24
9452,2.0,24
9451,12.0,24
9070,10.0,24
9387,1.0,24
9388,2.0,24
9421,1.0,24
9048,16.0,24
9066,13.0,24
9069,4.0,24
9199,2.0,24
9201,3.0,24
9206,12.0,24
9208,5.0,24
8762,1.0,24
8626,3.0,24
8654,3.0,24
9187,6.0,24
9275,21.0,24
8976,4.0,24
9012,4.0,24
9023,4.0,24
8808,4.0,24
8879,4.0,24
8880,5.0,24
9238,6.0,24
9565,17.0,24
10596,1.0,24
10612,1.0,24
10626,4.0,24
10627,5.0,24
10632,3.0,24
10637,1.0,24
10299,9.0,24
10667,4.0,24
10501,8.0,24
10686,3.0,24
10687,3.0,24
10282,3.0,24
10281,2.0,24
10237,3.0,24
9825,1.0,24
9582,1.0,24
10191,4.0,24
9595,1.0,24
9776,3.0,24
10003,5.0,24
10273,8.0,24
10032,3.0,24
10277,6.0,24
10084,4.0,24
9875,10.0,24
9940,1.0,24
9980,7.0,24
9993,2.0,24
15522,2.0,24
15542,2.0,24
15850,3.0,24
15934,4.0,24
16004,6.0,24
15459,18.0,24
16050,12.0,24
16030,3.0,24
16031,2.0,24
14834,33.0,24
14844,5.0,24
14855,5.0,24
15193,1.0,24
14909,1.0,24
14912,1.0,24
15351,2.0,24
15363,2.0,24
15394,5.0,24
15345,15.0,24
15311,5.0,24
15342,6.0,24
16254,3.0,24
15573,3.0,24
15575,1.0,24
16263,3.0,24
16264,4.0,24
15610,3.0,24
15612,4.0,24
15653,4.0,24
16078,5.0,24
16087,7.0,24
16088,1.0,24
16106,2.0,24
16066,1.0,24
16246,1.0,24
16144,1.0,24
16126,10.0,24
16130,15.0,24
13679,8.0,24
13692,1.0,24
13706,1.0,24
13029,3.0,24
13030,1.0,24
13744,2.0,24
13039,9.0,24
13663,5.0,24
13599,3.0,24
12900,7.0,24
13607,4.0,24
13609,4.0,24
13627,4.0,24
13640,9.0,24
13646,3.0,24
13066,10.0,24
14164,12.0,24
13904,1.0,24
14152,19.0,24
14153,3.0,24
13826,4.0,24
13828,11.0,24
13591,6.0,24
12670,2.0,24
13202,1.0,24
13206,10.0,24
13363,16.0,24
12552,18.0,24
13136,4.0,24
13168,9.0,24
13174,7.0,24
12598,1.0,24
13553,4.0,24
13573,5.0,24
13549,5.0,24
13512,10.0,24
12742,5.0,24
12747,2.0,24
13541,1.0,24
13948,10.0,24
15011,4.0,24
14501,7.0,24
14552,1.0,24
15101,3.0,24
15173,3.0,24
15178,2.0,24
15182,3.0,24
14726,1.0,24
14734,8.0,24
14792,14.0,24
14606,3.0,24
15136,1.0,24
14613,2.0,24
14658,6.0,24
14419,6.0,24
14049,2.0,24
14075,9.0,24
14106,2.0,24
14042,8.0,24
14031,3.0,24
14215,8.0,24
14217,7.0,24
14218,3.0,24
14318,6.0,24
14363,1.0,24
14977,2.0,24
14987,2.0,24
14989,1.0,24
15000,8.0,24
14417,1.0,24
14935,1.0,24
14255,5.0,24
14259,4.0,24
14283,3.0,24
14300,2.0,24
6496,5.0,24
5678,3.0,24
7244,3.0,24
6896,3.0,24
7337,11.0,24
7366,6.0,24
6316,5.0,24
6692,1.0,24
6812,9.0,24
6328,2.0,24
6690,4.0,24
6342,10.0,24
4538,5.0,24
4545,2.0,24
4792,2.0,24
4580,1.0,24
4935,6.0,24
4286,2.0,24
4093,1.0,24
4356,10.0,24
4442,3.0,24
4363,10.0,24
4373,9.0,24
5862,4.0,24
5895,1.0,24
5897,4.0,24
5904,6.0,24
5550,7.0,24
5478,1.0,24
5105,1.0,24
5106,6.0,24
5115,2.0,24
5125,3.0,24
5153,6.0,24
5159,1.0,24
5167,3.0,24
5184,3.0,24
5202,5.0,24
4992,1.0,24
4994,1.0,24
5223,13.0,24
5192,1.0,24
5397,2.0,24
5457,1.0,24
5059,5.0,24
12241,1.0,24
12286,16.0,24
12039,1.0,24
13124,7.0,24
12502,1.0,24
12507,11.0,24
12405,7.0,24
11435,7.0,24
11462,2.0,24
11468,11.0,24
11377,3.0,24
10988,5.0,24
11048,5.0,24
11072,9.0,24
11085,2.0,24
11532,1.0,24
11534,10.0,24
11876,6.0,24
11917,1.0,24
12187,4.0,24
11676,1.0,24
11488,12.0,24
11563,1.0,24
11596,1.0,24
11621,3.0,24
13890,1.0,24
14178,1.0,24
14189,2.0,24
14190,2.0,24
14191,3.0,24
14192,4.0,24
14350,1.0,24
14356,2.0,24
14361,1.0,24
15001,5.0,24
14407,7.0,24
14408,2.0,24
14268,3.0,24
14267,16.0,24
14123,3.0,24
14932,6.0,24
13697,1.0,24
13370,9.0,24
12974,10.0,24
12979,4.0,24
13672,2.0,24
13673,2.0,24
13694,3.0,24
12773,9.0,24
12806,3.0,24
12765,1.0,24
8614,23.0,24
8599,1.0,24
8422,3.0,24
8460,4.0,24
8469,16.0,24
8470,4.0,24
8473,1.0,24
8482,6.0,24
8293,8.0,24
8538,7.0,24
8373,2.0,24
8375,1.0,24
9017,3.0,24
9214,1.0,24
8750,1.0,24
7936,5.0,24
10168,3.0,24
10110,4.0,24
10100,10.0,24
9863,15.0,24
10078,3.0,24
10499,2.0,24
10762,10.0,24
10794,1.0,24
10817,1.0,24
10633,4.0,24
10636,3.0,24
10654,2.0,24
10676,6.0,24
10690,9.0,24
10675,2.0,24
9422,2.0,24
16650,1.0,24
16651,1.0,24
18496,17.0,24
19300,2.0,24
18995,6.0,24
17416,14.0,24
17451,2.0,24
17857,9.0,24
17920,1.0,24
17931,1.0,24
18008,4.0,24
18135,11.0,24
19253,2.0,24
16514,6.0,24
16220,4.0,24
15657,1.0,24
15686,1.0,24
22043,3.0,24
76,6.0,24
21767,9.0,24
21428,3.0,24
156,4.0,24
213,4.0,24
228,3.0,24
829,7.0,24
957,1.0,24
976,2.0,24
1030,6.0,24
1087,5.0,24
1133,9.0,24
308,11.0,24
392,4.0,24
479,1.0,24
19511,1.0,24
19221,2.0,24
20957,4.0,24
21118,2.0,24
21256,1.0,24
10050,1.0,24
10081,4.0,24
10296,5.0,24
11318,2.0,24
10684,3.0,24
7739,2.0,24
6900,2.0,24
7878,2.0,24
14260,4.0,24
14264,8.0,24
14351,1.0,24
14093,3.0,24
13652,3.0,24
13680,7.0,24
13682,3.0,24
14822,3.0,24
14487,1.0,24
14496,1.0,24
12837,1.0,24
11699,2.0,24
12771,8.0,24
12436,5.0,24
12533,4.0,24
12676,7.0,24
3320,7.0,24
3333,1.0,24
3535,6.0,24
3114,2.0,24
3140,9.0,24
3097,1.0,24
3971,18.0,24
3974,3.0,24
3677,14.0,24
3798,2.0,24
3878,9.0,24
3631,1.0,24
1701,1.0,24
2319,2.0,24
1333,3.0,24
1208,1.0,24
1260,3.0,24
1410,2.0,24
1282,2.0,24
1303,3.0,24
1543,3.0,24
2800,11.0,24
2920,5.0,24
2594,6.0,24
2186,3.0,24
2505,3.0,24
2769,8.0,24
2523,11.0,24
2537,2.0,24
2235,5.0,24
2240,2.0,24
2879,3.0,24
2078,5.0,24
2360,9.0,24
2072,5.0,24
2538,4.0,24
4557,6.0,24
5326,4.0,24
4723,1.0,24
4371,5.0,24
4495,10.0,24
15031,22.0,24
15232,3.0,24
15343,4.0,24
11936,3.0,24
12216,1.0,24
12233,5.0,24
11475,3.0,24
10814,7.0,24
13547,2.0,24
13079,1.0,24
13378,2.0,24
21733,11.0,24
1256,8.0,24
1270,3.0,24
1407,2.0,24
1319,1.0,24
51,8.0,24
93,7.0,24
155,5.0,24
292,2.0,24
1102,7.0,24
18022,4.0,24
17604,2.0,24
17640,1.0,24
19760,3.0,24
19795,24.0,24
19344,2.0,24
15399,5.0,24
14745,1.0,24
14893,2.0,24
15401,3.0,24
15402,2.0,24
15916,10.0,24
12815,2.0,24
12823,9.0,24
13125,2.0,24
13184,3.0,24
14299,1.0,24
14443,3.0,24
14538,1.0,24
13854,8.0,24
13878,1.0,24
14167,6.0,24
14220,4.0,24
14080,1.0,24
16090,7.0,24
17397,5.0,24
17260,8.0,24
17577,1.0,24
19317,6.0,24
18686,6.0,24
18455,12.0,24
17799,1.0,24
17882,19.0,24
18069,4.0,24
17997,1.0,24
18409,2.0,24
16532,2.0,24
16795,7.0,24
16615,2.0,24
16624,3.0,24
16441,10.0,24
16501,2.0,24
7655,14.0,24
8102,12.0,24
8238,10.0,24
8508,9.0,24
8513,5.0,24
7961,2.0,24
5615,1.0,24
6285,18.0,24
10872,1.0,24
10999,2.0,24
11021,1.0,24
10738,1.0,24
10797,1.0,24
10614,10.0,24
10418,1.0,24
9050,11.0,24
9075,2.0,24
9003,2.0,24
10077,1.0,24
10075,4.0,24
10164,5.0,24
9874,5.0,24
10630,1.0,24
11970,2.0,24
13429,1.0,24
12734,4.0,24
12845,1.0,24
12440,4.0,24
10385,5.0,24
9909,2.0,24
9912,2.0,24
9914,2.0,24
9949,4.0,24
9966,1.0,24
10007,1.0,24
10159,9.0,24
11052,2.0,24
11065,4.0,24
14021,1.0,24
14261,4.0,24
13951,10.0,24
13683,6.0,24
14897,1.0,24
15052,8.0,24
14654,10.0,24
6630,8.0,24
4979,10.0,24
4993,4.0,24
4638,7.0,24
4646,3.0,24
5055,1.0,24
8169,2.0,24
8316,5.0,24
8037,2.0,24
7912,2.0,24
7808,6.0,24
7860,1.0,24
7207,7.0,24
7326,4.0,24
3862,4.0,24
4009,3.0,24
4553,4.0,24
4779,21.0,24
2249,2.0,24
1325,8.0,24
936,12.0,24
1026,13.0,24
1155,3.0,24
1180,2.0,24
1190,1.0,24
2909,1.0,24
2633,2.0,24
2737,2.0,24
2254,4.0,24
2755,2.0,24
8193,8.0,24
8462,2.0,24
8467,5.0,24
7821,3.0,24
9466,3.0,24
8537,2.0,24
9233,1.0,24
9068,3.0,24
5557,2.0,24
6810,6.0,24
18379,5.0,24
18843,20.0,24
19174,1.0,24
19199,2.0,24
19216,3.0,24
19453,2.0,24
15775,18.0,24
15835,9.0,24
17235,5.0,24
16892,2.0,24
16920,1.0,24
17146,1.0,24
52,1.0,24
21740,1.0,24
325,6.0,24
429,1.0,24
443,1.0,24
535,1.0,24
787,5.0,24
450,1.0,24
478,1.0,24
20340,1.0,24
20455,2.0,24
19786,12.0,24
19969,2.0,24
3386,5.0,24
3500,3.0,24
3520,1.0,24
3620,4.0,24
4380,13.0,24
4396,6.0,24
4474,1.0,24
4560,0.0,24
4561,4.0,24
4565,1.0,24
4769,3.0,24
4571,1.0,24
4581,1.0,24
4584,1.0,24
3822,3.0,24
3841,2.0,24
3788,2.0,24
3794,1.0,24
4014,2.0,24
4038,4.0,24
2253,2.0,24
2247,1.0,24
2091,1.0,24
2122,1.0,24
2179,1.0,24
1937,3.0,24
1943,1.0,24
1723,1.0,24
1754,2.0,24
1621,1.0,24
2627,1.0,24
2929,1.0,24
3082,4.0,24
3099,1.0,24
2680,4.0,24
2796,1.0,24
2600,5.0,24
6803,5.0,24
6931,12.0,24
6859,1.0,24
7001,1.0,24
6892,3.0,24
7235,3.0,24
7187,7.0,24
7260,3.0,24
7274,3.0,24
7289,4.0,24
7212,8.0,24
6265,3.0,24
6279,2.0,24
6459,1.0,24
6464,2.0,24
8437,1.0,24
8484,4.0,24
8405,3.0,24
9171,5.0,24
9172,3.0,24
9175,3.0,24
8245,7.0,24
8250,1.0,24
8251,2.0,24
8318,3.0,24
8540,5.0,24
8362,2.0,24
7671,8.0,24
7681,1.0,24
7569,1.0,24
7570,1.0,24
7585,1.0,24
7604,1.0,24
7605,1.0,24
7614,1.0,24
7617,1.0,24
7620,1.0,24
7630,1.0,24
7638,1.0,24
7876,5.0,24
5013,7.0,24
5054,3.0,24
5497,3.0,24
5469,4.0,24
4608,6.0,24
5119,1.0,24
5144,1.0,24
5148,1.0,24
5152,2.0,24
5176,1.0,24
5182,1.0,24
5188,2.0,24
5189,1.0,24
5191,3.0,24
5193,3.0,24
5098,2.0,24
4884,5.0,24
4938,2.0,24
4694,6.0,24
5074,2.0,24
5077,1.0,24
5082,2.0,24
5090,1.0,24
5096,4.0,24
6388,2.0,24
6223,2.0,24
6224,3.0,24
6225,2.0,24
6405,3.0,24
6232,2.0,24
6198,0.0,24
6194,0.0,24
5540,1.0,24
5536,1.0,24
4548,5.0,24
6133,1.0,24
5364,2.0,24
5764,1.0,24
21770,6.0,24
21613,2.0,24
21617,1.0,24
21697,2.0,24
20312,1.0,24
21392,1.0,24
21843,1.0,24
1289,17.0,24
21927,1.0,24
19799,1.0,24
20062,1.0,24
20137,2.0,24
19654,2.0,24
19119,3.0,24
19530,1.0,24
20734,6.0,24
3146,14.0,24
3138,1.0,24
1607,2.0,24
1542,4.0,24
1921,1.0,24
2413,3.0,24
19580,1.0,24
19596,1.0,24
19658,1.0,24
21421,1.0,24
17224,7.0,24
21879,11.0,24
18475,1.0,24
1192,2.0,24
1021,2.0,24
1042,2.0,24
1044,1.0,24
1101,4.0,24
1324,5.0,24
1329,7.0,24
1305,1.0,24
1287,2.0,24
1297,3.0,24
982,2.0,24
74,2.0,24
91,2.0,24
100,1.0,24
109,3.0,24
113,2.0,24
257,3.0,24
258,3.0,24
269,7.0,24
385,1.0,24
413,2.0,24
59,5.0,24
57,4.0,24
53,5.0,24
22105,9.0,24
9609,1.0,24
8687,7.0,24
8919,1.0,24
8944,3.0,24
10971,3.0,24
11903,3.0,24
12105,19.0,24
15064,1.0,24
16528,4.0,24
16213,3.0,24
14289,6.0,24
12175,1.0,24
13847,1.0,24
8429,2.0,24
9155,5.0,24
6677,4.0,24
7977,1.0,24
12511,1.0,24
10693,2.0,24
10620,4.0,24
10293,3.0,24
1775,3.0,24
5032,1.0,24
5440,2.0,24
4381,12.0,24
3745,2.0,24
19641,2.0,24
19640,2.0,24
20597,2.0,24
18977,1.0,24
18178,1.0,24
17488,1.0,24
17446,5.0,24
18277,1.0,24
18937,1.0,24
18589,3.0,24
1028,4.0,24
935,1.0,24
1507,1.0,24
1359,1.0,24
20814,2.0,24
21928,7.0,24
13707,17.0,24
14043,1.0,24
16112,5.0,24
8280,3.0,24
9423,1.0,24
8157,9.0,24
8107,2.0,24
11223,1.0,24
12064,15.0,24
6620,2.0,24
5665,6.0,24
5608,1.0,24
17867,7.0,24
17841,2.0,24
18942,8.0,24
19578,7.0,24
17124,1.0,24
16670,2.0,24
21959,1.0,24
21747,1.0,24
21884,2.0,24
21263,1.0,24
21261,1.0,24
14050,1.0,24
14074,2.0,24
12398,1.0,24
13479,1.0,24
12754,1.0,24
15840,1.0,24
15644,1.0,24
15375,3.0,24
3679,1.0,24
1892,3.0,24
1941,6.0,24
2041,4.0,24
2407,2.0,24
2206,5.0,24
2733,1.0,24
6516,2.0,24
5308,5.0,24
4969,4.0,24
6378,2.0,24
10629,1.0,24
8216,2.0,24
2271,4.0,24
4370,1.0,24
3367,2.0,24
18795,3.0,24
18777,3.0,24
18776,4.0,24
18380,4.0,24
17893,4.0,24
17816,1.0,24
17111,5.0,24
16639,1.0,24
16621,3.0,24
17307,1.0,24
21647,2.0,24
21595,1.0,24
21246,1.0,24
21088,1.0,24
1014,1.0,24
21076,1.0,24
20351,1.0,24
20223,1.0,24
20076,1.0,24
19906,1.0,24
19885,2.0,24
19822,2.0,24
20782,3.0,24
13427,1.0,24
13027,2.0,24
13860,4.0,24
11449,2.0,24
11945,1.0,24
12123,1.0,24
16445,2.0,24
15501,1.0,24
4433,3.0,24
4471,4.0,24
5612,3.0,24
3312,1.0,24
3050,1.0,24
2910,1.0,24
3448,2.0,24
12831,2.0,24
11915,3.0,24
15465,5.0,24
14428,8.0,24
2903,1.0,24
6571,2.0,24
6518,1.0,24
9881,1.0,24
9368,2.0,24
2888,1.0,24
10521,1.0,24
10650,5.0,24
13046,1.0,24
13467,2.0,24
12104,9.0,24
5616,2.0,24
5208,2.0,24
7497,2.0,24
6588,1.0,24
6568,1.0,24
6550,1.0,24
6546,2.0,24
6545,1.0,24
6544,1.0,24
6543,1.0,24
6541,1.0,24
6540,1.0,24
6534,1.0,24
6537,1.0,24
14398,1.0,24
1940,2.0,24
17771,1.0,24
17486,1.0,24
17833,4.0,24
20194,1.0,24
20922,3.0,24
20774,2.0,24
20767,2.0,24
19333,1.0,24
19332,1.0,24
19330,1.0,24
12129,1.0,24
11536,3.0,24
11533,2.0,24
5872,2.0,24
15333,1.0,24
19858,7.0,24
16954,3.0,24
15759,4.0,24
17445,7.0,24
20683,1.0,24
21345,3.0,24
20299,1.0,24
2124,2.0,24
20787,4.0,24
21276,7.0,24
2304,1.0,24
1033,6.0,24
20777,3.0,24
3743,1.0,24
2814,2.0,24
2690,5.0,24
17085,2.0,24
19745,1.0,24
19455,3.0,24
17661,1.0,24
8055,1.0,24
13790,8.0,24
13432,1.0,24
10647,1.0,24
9623,1.0,24
11731,1.0,24
11071,5.0,24
11227,2.0,24
15862,1.0,24
14489,2.0,24
14954,1.0,24
15215,3.0,24
5867,1.0,24
5871,3.0,24
6134,1.0,24
5622,2.0,24
5327,1.0,24
4241,1.0,24
5026,2.0,24
4910,2.0,24
9055,3.0,24
8266,2.0,24
6608,1.0,24
6583,1.0,24
6578,2.0,24
6704,3.0,24
6708,1.0,24
7226,2.0,24
5206,1.0,24
5402,1.0,24
7164,14.0,24
6387,1.0,24
14810,10.0,24
14730,2.0,24
14994,6.0,24
14263,1.0,24
12825,1.0,24
13366,1.0,24
13666,3.0,24
14092,3.0,24
14087,7.0,24
13866,1.0,24
13057,1.0,24
16673,2.0,24
16028,2.0,24
15935,5.0,24
8802,1.0,24
11890,3.0,24
11571,1.0,24
12231,2.0,24
11305,2.0,24
18278,3.0,24
18191,8.0,24
18187,3.0,24
18185,4.0,24
18333,10.0,24
19303,1.0,24
18474,1.0,24
18358,2.0,24
17404,3.0,24
17934,1.0,24
17903,3.0,24
17894,2.0,24
19096,1.0,24
19463,3.0,24
18741,1.0,24
18726,1.0,24
18715,7.0,24
19013,2.0,24
19432,1.0,24
16353,3.0,24
17203,3.0,24
17182,4.0,24
17620,6.0,24
16953,5.0,24
21678,5.0,24
21290,1.0,24
21519,6.0,24
22109,1.0,24
21266,1.0,24
21248,1.0,24
20193,2.0,24
20363,2.0,24
19897,3.0,24
19927,6.0,24
19539,4.0,24
19247,2.0,24
20984,1.0,24
20533,2.0,24
20532,2.0,24
20464,1.0,24
20780,3.0,24
20775,4.0,24
20771,1.0,24
6377,3.0,24
5596,3.0,24
7307,4.0,24
13397,2.0,24
13396,2.0,24
12496,2.0,24
11797,3.0,24
14472,1.0,24
15106,4.0,24
12958,5.0,24
7738,1.0,24
7486,1.0,24
10064,1.0,24
10628,4.0,24
10710,1.0,24
477,-1.0,24
18893,3.0,24
18880,3.0,24
18559,1.0,24
19626,5.0,24
19171,2.0,24
21100,1.0,24
20955,1.0,24
21633,2.0,24
20187,2.0,24
20650,4.0,24
2584,1.0,24
3193,1.0,24
3450,1.0,24
2356,3.0,24
2631,2.0,24
2461,2.0,24
2770,3.0,24
22071,2.0,24
448,3.0,24
421,2.0,24
414,3.0,24
405,1.0,24
313,4.0,24
166,2.0,24
149,3.0,24
90,7.0,24
21251,1.0,24
1286,4.0,24
3896,5.0,24
5076,2.0,24
4965,5.0,24
3084,1.0,24
3057,1.0,24
12093,8.0,24
12167,7.0,24
11802,3.0,24
11698,2.0,24
15017,1.0,24
8382,1.0,24
11265,1.0,24
11133,6.0,24
18545,1.0,24
18985,1.0,24
18886,2.0,24
18574,2.0,24
19759,2.0,24
19581,2.0,24
15937,1.0,24
14823,4.0,24
14705,1.0,24
13161,6.0,24
13134,4.0,24
13194,2.0,24
13689,1.0,24
13674,3.0,24
13411,1.0,24
12767,1.0,24
13548,1.0,24
10926,5.0,24
10906,1.0,24
10888,6.0,24
11796,1.0,24
12206,4.0,24
11617,1.0,24
11382,1.0,24
15688,6.0,24
16258,1.0,24
14136,1.0,24
14130,2.0,24
14990,1.0,24
13735,1.0,24
12988,2.0,24
14222,5.0,24
14670,1.0,24
14886,1.0,24
15115,4.0,24
14594,2.0,24
6122,1.0,24
7000,1.0,24
6882,3.0,24
7142,1.0,24
7050,1.0,24
6597,2.0,24
6590,1.0,24
6579,1.0,24
6548,1.0,24
5257,1.0,24
9077,3.0,24
9154,1.0,24
9697,1.0,24
9588,1.0,24
10186,7.0,24
9515,1.0,24
8769,2.0,24
8682,1.0,24
8772,2.0,24
9359,8.0,24
10609,5.0,24
10319,1.0,24
10318,1.0,24
10672,2.0,24
10662,2.0,24
9855,1.0,24
10239,5.0,24
9837,2.0,24
10225,4.0,24
10222,3.0,24
10033,1.0,24
7885,2.0,24
8447,1.0,24
8556,1.0,24
8358,1.0,24
3092,1.0,24
3171,1.0,24
3153,1.0,24
2599,1.0,24
2484,1.0,24
2475,1.0,24
2511,1.0,24
2898,1.0,24
4305,1.0,24
4117,1.0,24
4609,1.0,24
4585,1.0,24
4068,1.0,24
21867,1.0,24
20812,3.0,24
21273,7.0,24
21282,1.0,24
21279,2.0,24
408,5.0,24
388,3.0,24
295,1.0,24
259,3.0,24
253,3.0,24
226,4.0,24
202,4.0,24
42,2.0,24
87,1.0,24
71,2.0,24
17493,1.0,24
16972,1.0,24
16864,1.0,24
16747,1.0,24
20029,3.0,24
18921,4.0,24
18885,2.0,24
1753,2.0,24
1744,3.0,24
1939,1.0,24
2215,2.0,24
2212,1.0,24
1061,2.0,24
1050,1.0,24
1040,1.0,24
1018,5.0,24
1041,2.0,24
1609,2.0,24
1530,1.0,24
8598,1.0,24
8577,2.0,24
8671,1.0,24
8644,4.0,24
8213,1.0,24
8497,2.0,24
8496,2.0,24
8493,1.0,24
8478,3.0,24
8474,4.0,24
8541,1.0,24
8346,1.0,24
8336,6.0,24
8979,1.0,24
9010,6.0,24
9371,1.0,24
8740,1.0,24
9226,1.0,24
8770,4.0,24
8771,1.0,24
8464,2.0,24
8461,2.0,24
8459,2.0,24
8457,2.0,24
8142,1.0,24
8138,1.0,24
10317,3.0,24
10267,7.0,24
10057,1.0,24
10283,3.0,24
10097,1.0,24
10074,4.0,24
10073,6.0,24
10457,3.0,24
10386,1.0,24
10665,1.0,24
10663,1.0,24
10428,1.0,24
10424,1.0,24
10188,1.0,24
9584,2.0,24
10192,1.0,24
9788,1.0,24
9781,3.0,24
9682,1.0,24
9637,1.0,24
9865,1.0,24
9846,1.0,24
9950,4.0,24
10253,2.0,24
9929,1.0,24
9842,4.0,24
10224,2.0,24
10220,1.0,24
5146,1.0,24
5141,1.0,24
5100,2.0,24
5506,3.0,24
5454,1.0,24
5770,1.0,24
5066,1.0,24
6362,1.0,24
6352,3.0,24
6332,6.0,24
7288,1.0,24
7517,2.0,24
7439,1.0,24
7205,2.0,24
6280,1.0,24
6164,1.0,24
6046,3.0,24
6471,1.0,24
4984,3.0,24
3359,1.0,24
3690,1.0,24
13386,1.0,24
12126,0.0,24
6615,1.0,24
6512,1.0,24
8276,1.0,24
19476,3.0,24
19464,5.0,24
19461,1.0,24
19036,2.0,24
19833,2.0,24
19636,1.0,24
19783,4.0,24
18056,2.0,24
18014,4.0,24
17944,2.0,24
17896,1.0,24
17401,1.0,24
17373,3.0,24
18301,1.0,24
18211,4.0,24
21963,1.0,24
21419,3.0,24
22050,3.0,24
21200,1.0,24
20983,4.0,24
20294,3.0,24
20705,2.0,24
20765,1.0,24
20766,3.0,24
20834,2.0,24
8376,2.0,24
8340,1.0,24
8312,1.0,24
8185,1.0,24
8184,1.0,24
8121,1.0,24
10649,1.0,24
10508,1.0,24
10175,1.0,24
10058,1.0,24
9911,2.0,24
5535,1.0,24
5865,1.0,24
5860,2.0,24
5063,4.0,24
6249,1.0,24
15407,1.0,24
14695,2.0,24
14653,1.0,24
16540,3.0,24
16526,2.0,24
16433,1.0,24
11250,2.0,24
11006,1.0,24
11687,2.0,24
11601,1.0,24
14282,2.0,24
13688,2.0,24
12916,1.0,24
13594,1.0,24
13505,5.0,24
16753,2.0,24
20921,1.0,24
19993,2.0,24
20572,1.0,24
14449,2.0,24
16229,1.0,24
16128,3.0,24
21520,1.0,24
3630,1.0,24
4606,3.0,24
4020,2.0,24
1459,3.0,24
21792,3.0,24
996,3.0,24
15799,3.0,24
11657,1.0,24
12972,2.0,24
18133,1.0,24
4350,2.0,24
6700,1.0,24
2129,2.0,24
16470,3.0,24
15721,3.0,24
14290,3.0,24
15220,1.0,24
17056,1.0,24
16571,3.0,24
7797,1.0,24
7881,2.0,24
11206,1.0,24
10960,1.0,24
11828,1.0,24
17520,1.0,24
18329,1.0,24
18111,1.0,24
18099,5.0,24
19703,1.0,24
19689,1.0,24
19191,2.0,24
18774,1.0,24
14926,1.0,24
15341,1.0,24
15295,4.0,24
14392,1.0,24
14117,2.0,24
15018,-1.0,24
16425,1.0,24
21416,2.0,24
21265,1.0,24
21081,1.0,24
20736,6.0,24
20641,1.0,24
5976,2.0,24
5896,1.0,24
5875,1.0,24
5237,1.0,24
10387,4.0,24
10362,1.0,24
10354,1.0,24
10351,1.0,24
13664,5.0,24
12905,2.0,24
13583,1.0,24
12737,4.0,24
12458,2.0,24
7242,1.0,24
7397,2.0,24
10297,3.0,24
9085,1.0,24
9051,1.0,24
10109,3.0,24
15004,1.0,24
14294,1.0,24
14281,1.0,24
14276,2.0,24
14275,1.0,24
14337,1.0,24
14553,2.0,24
14576,1.0,24
14605,1.0,24
14612,6.0,24
15092,9.0,24
15089,1.0,24
14265,1.0,24
13896,2.0,24
14166,1.0,24
13855,2.0,24
13807,2.0,24
14163,3.0,24
14062,7.0,24
14219,1.0,24
14025,1.0,24
15938,1.0,24
15872,3.0,24
15469,3.0,24
16101,1.0,24
16081,5.0,24
15466,1.0,24
15406,1.0,24
15331,2.0,24
11433,2.0,24
11472,1.0,24
11466,2.0,24
12171,4.0,24
12169,6.0,24
11880,8.0,24
11879,4.0,24
11883,2.0,24
11894,2.0,24
11889,1.0,24
10827,1.0,24
10870,5.0,24
10775,1.0,24
10737,2.0,24
11190,3.0,24
11144,4.0,24
11244,2.0,24
11237,1.0,24
11329,3.0,24
10937,8.0,24
10921,2.0,24
11355,2.0,24
11050,4.0,24
11044,2.0,24
12636,1.0,24
13701,1.0,24
12965,1.0,24
13605,4.0,24
12781,5.0,24
13561,3.0,24
13552,1.0,24
12944,1.0,24
12892,1.0,24
12855,2.0,24
12323,1.0,24
12318,2.0,24
12214,1.0,24
11990,1.0,24
11983,2.0,24
12200,3.0,24
13128,2.0,24
12447,2.0,24
13113,2.0,24
13110,1.0,24
19750,1.0,24
19743,1.0,24
19506,2.0,24
19574,4.0,24
19531,2.0,24
19872,1.0,24
19810,2.0,24
19789,3.0,24
19877,1.0,24
19408,2.0,24
18907,1.0,24
19423,1.0,24
18881,1.0,24
18849,3.0,24
18836,2.0,24
19091,2.0,24
19452,2.0,24
21533,1.0,24
21398,1.0,24
21410,2.0,24
21716,1.0,24
21856,3.0,24
21825,1.0,24
21925,1.0,24
21721,3.0,24
21811,1.0,24
21807,2.0,24
20828,1.0,24
20802,1.0,24
20685,3.0,24
20410,1.0,24
21316,1.0,24
21314,1.0,24
21296,1.0,24
21295,1.0,24
21294,1.0,24
21287,1.0,24
21253,1.0,24
21131,1.0,24
21117,1.0,24
21380,2.0,24
20241,1.0,24
20923,1.0,24
20841,1.0,24
20276,2.0,24
16585,1.0,24
16544,3.0,24
16437,3.0,24
16504,1.0,24
17595,2.0,24
16868,2.0,24
17072,1.0,24
16732,4.0,24
16596,1.0,24
16217,1.0,24
16410,2.0,24
15600,2.0,24
16357,1.0,24
16343,1.0,24
15689,1.0,24
15635,5.0,24
15745,1.0,24
18181,2.0,24
18192,7.0,24
18315,7.0,24
18298,1.0,24
18220,1.0,24
18206,3.0,24
17976,1.0,24
18328,1.0,24
18529,1.0,24
18489,1.0,24
18682,2.0,24
18660,1.0,24
18359,1.0,24
18364,1.0,24
18425,2.0,24
17272,1.0,24
17228,1.0,24
17281,1.0,24
17301,3.0,24
17215,1.0,24
17130,1.0,24
17155,1.0,24
17580,1.0,24
17517,1.0,24
17371,4.0,24
17366,1.0,24
11002,1.0,24
11019,1.0,24
10530,1.0,24
12183,3.0,24
12174,1.0,24
11592,2.0,24
12106,3.0,24
11744,1.0,24
8882,1.0,24
8877,2.0,24
8756,1.0,24
9019,3.0,24
10302,1.0,24
9988,1.0,24
9872,2.0,24
9869,3.0,24
9864,3.0,24
9801,1.0,24
10285,2.0,24
10091,1.0,24
10059,2.0,24
14129,1.0,24
14370,3.0,24
14343,1.0,24
14028,1.0,24
14226,3.0,24
13118,3.0,24
13643,3.0,24
12596,1.0,24
13162,1.0,24
12813,2.0,24
5133,1.0,24
5130,1.0,24
5796,2.0,24
4544,4.0,24
8208,2.0,24
8301,1.0,24
8284,2.0,24
6869,1.0,24
6909,4.0,24
6358,1.0,24
21895,1.0,24
21283,1.0,24
21624,1.0,24
21574,1.0,24
16638,1.0,24
16418,1.0,24
15834,1.0,24
15831,1.0,24
16490,1.0,24
16468,4.0,24
17153,1.0,24
17121,1.0,24
16917,1.0,24
15320,1.0,24
15518,1.0,24
15452,1.0,24
19477,1.0,24
19126,0.0,24
19188,1.0,24
19059,2.0,24
19087,2.0,24
20201,2.0,24
20498,1.0,24
20368,2.0,24
19904,1.0,24
19859,1.0,24
17294,1.0,24
17474,5.0,24
18115,1.0,24
17428,1.0,24
18772,1.0,24
18754,1.0,24
18890,1.0,24
18838,2.0,24
18493,2.0,24
18487,9.0,24
18478,8.0,24
3946,2.0,24
3817,1.0,24
4827,1.0,24
5456,1.0,24
4647,1.0,24
2345,1.0,24
2516,1.0,24
3577,1.0,24
3269,1.0,24
3106,1.0,24
3102,1.0,24
8423,1.0,24
8855,1.0,24
8843,1.0,24
8292,1.0,24
8465,1.0,24
8893,1.0,24
10012,2.0,24
10127,1.0,24
9506,1.0,24
9457,3.0,24
6808,1.0,24
6809,1.0,24
6883,1.0,24
10586,4.0,24
10585,1.0,24
10584,3.0,24
10583,6.0,24
10582,6.0,24
10581,9.0,24
10587,1.0,24
11285,5.0,24
11272,12.0,24
11271,4.0,24
11286,15.0,24
10588,1.0,24
10580,13.0,24
10205,25.0,24
10194,7.0,24
9534,6.0,24
9533,3.0,24
9531,1.0,24
9527,1.0,24
9526,5.0,24
10240,1.0,24
10217,8.0,24
13098,60.0,24
13097,124.0,24
13099,109.0,24
12189,7.0,24
12192,2.0,24
12191,8.0,24
11874,1.0,24
11827,2.0,24
11814,1.0,24
11294,1.0,24
12236,1.0,24
13080,2.0,24
7816,11.0,24
7787,2.0,24
7783,1.0,24
7781,1.0,24
7768,1.0,24
7767,1.0,24
7764,1.0,24
7763,1.0,24
7762,1.0,24
7761,1.0,24
7760,1.0,24
7750,1.0,24
7748,4.0,24
7822,3.0,24
7871,1.0,24
7966,225.0,24
7898,1.0,24
7747,3.0,24
7104,1.0,24
7103,1.0,24
7101,1.0,24
7099,1.0,24
7095,1.0,24
7086,2.0,24
7083,1.0,24
7044,1.0,24
7031,1.0,24
7026,3.0,24
7017,1.0,24
7010,2.0,24
6997,17.0,24
6991,6.0,24
7102,1.0,24
7105,1.0,24
7106,5.0,24
7746,4.0,24
7743,1.0,24
7740,1.0,24
7548,1.0,24
7541,2.0,24
7225,2.0,24
7144,1.0,24
7121,1.0,24
7116,1.0,24
7117,3.0,24
7108,1.0,24
7107,1.0,24
7145,1.0,24
9117,1.0,24
9115,10.0,24
9110,4.0,24
9106,3.0,24
9101,4.0,24
9310,1.0,24
9309,1.0,24
9118,6.0,24
9311,5.0,24
9524,1.0,24
9464,1.0,24
9458,14.0,24
9142,2.0,24
9138,2.0,24
9134,1.0,24
9131,1.0,24
9128,1.0,24
9123,1.0,24
9120,1.0,24
7967,352.0,24
9220,1.0,24
8526,2.0,24
8516,4.0,24
8514,1.0,24
8511,2.0,24
8040,1.0,24
7915,1.0,24
7910,1.0,24
7921,1.0,24
22166,7.0,24
21978,2.0,24
21803,2.0,24
21486,10.0,24
20956,88.0,24
958,1.0,24
944,1.0,24
407,1.0,24
85,2.0,24
19445,401.0,24
19444,1.0,24
19437,279.0,24
19426,4.0,24
19425,4.0,24
19424,2.0,24
20025,1.0,24
20016,2.0,24
20009,1.0,24
19996,2.0,24
19918,4.0,24
19446,313.0,24
19941,1.0,24
1717,2.0,24
19399,2.0,24
19396,1.0,24
15072,5.0,24
15071,2.0,24
15057,1.0,24
15055,1.0,24
15009,3.0,24
14976,1.0,24
14934,1.0,24
14208,1.0,24
14207,3.0,24
14205,3.0,24
14204,2.0,24
14203,2.0,24
14202,5.0,24
15074,6.0,24
15077,15.0,24
15065,28.0,24
15059,1.0,24
15076,1.0,24
13342,26.0,24
13341,11.0,24
13198,1.0,24
13179,1.0,24
14201,1.0,24
14200,2.0,24
14199,3.0,24
14198,1.0,24
14197,1.0,24
14195,1.0,24
13732,2.0,24
13570,3.0,24
13343,9.0,24
18015,3.0,24
17702,1.0,24
17700,2.0,24
17699,1.0,24
17674,4.0,24
16821,3.0,24
16820,1.0,24
16819,1.0,24
16817,1.0,24
16810,1.0,24
16808,1.0,24
16804,2.0,24
16802,1.0,24
16800,2.0,24
16799,1.0,24
16798,1.0,24
18023,2.0,24
19282,8.0,24
19393,1.0,24
19386,1.0,24
19385,1.0,24
19325,1.0,24
19310,3.0,24
19288,13.0,24
16391,2.0,24
16384,2.0,24
16252,32.0,24
15988,6.0,24
15968,2.0,24
15958,1.0,24
15948,3.0,24
15144,1.0,24
15142,2.0,24
16383,1.0,24
16380,1.0,24
16378,2.0,24
16377,1.0,24
16376,3.0,24
16371,1.0,24
16369,1.0,24
16399,1.0,24
16339,2.0,24
16281,1.0,24
16280,1.0,24
16282,1.0,24
565,2.0,24
544,2.0,24
44,1.0,24
1023,1.0,24
1063,1.0,24
21741,1.0,24
1825,2.0,24
1143,1.0,24
1132,1.0,24
19555,2.0,24
19532,1.0,24
20212,1.0,24
19901,2.0,24
19200,1.0,24
21477,1.0,24
21645,1.0,24
21641,1.0,24
21622,2.0,24
21468,1.0,24
3328,1.0,24
3117,1.0,24
3345,1.0,24
2675,1.0,24
13061,1.0,24
13755,2.0,24
13606,3.0,24
12963,1.0,24
12464,1.0,24
12457,1.0,24
12379,1.0,24
12618,2.0,24
14091,1.0,24
14046,1.0,24
13998,1.0,24
11324,3.0,24
10539,1.0,24
10970,1.0,24
10964,1.0,24
10394,1.0,24
11083,1.0,24
11984,1.0,24
11948,1.0,24
11900,1.0,24
12024,1.0,24
12025,2.0,24
12033,1.0,24
11249,1.0,24
11112,1.0,24
11680,1.0,24
11603,3.0,24
11465,1.0,24
17190,1.0,24
17672,1.0,24
17159,1.0,24
16536,1.0,24
16746,1.0,24
17607,1.0,24
18548,2.0,24
18485,1.0,24
18815,2.0,24
18205,5.0,24
14788,1.0,24
14714,1.0,24
14445,1.0,24
14425,1.0,24
15150,1.0,24
14607,1.0,24
15036,1.0,24
16480,1.0,24
7477,1.0,24
8110,1.0,24
8194,1.0,24
8638,2.0,24
8304,1.0,24
8334,1.0,24
12391,1.0,24
10304,1.0,24
10595,1.0,24
10677,1.0,24
10653,1.0,24
11375,2.0,24
10788,2.0,24
10969,1.0,24
2544,1.0,24
2776,1.0,24
2229,1.0,24
2707,3.0,24
2355,1.0,24
1370,1.0,24
1453,2.0,24
1250,2.0,24
1238,1.0,24
1501,1.0,24
21871,1.0,24
22030,1.0,24
22135,1.0,24
964,3.0,24
1756,1.0,24
4618,1.0,24
5762,1.0,24
4086,2.0,24
3797,1.0,24
18110,1.0,24
17296,2.0,24
16560,1.0,24
15841,1.0,24
20480,2.0,24
21910,1.0,24
21859,1.0,24
21836,1.0,24
15526,1.0,24
8415,1.0,24
14369,1.0,24
10954,1.0,24
16075,1.0,24
17591,1.0,24
16600,1.0,24
17026,1.0,24
16349,1.0,24
16355,1.0,24
15715,1.0,24
14691,4.0,24
14795,4.0,24
15206,1.0,24
15869,1.0,24
15365,1.0,24
15340,2.0,24
15310,2.0,24
15326,1.0,24
15328,2.0,24
7460,1.0,24
11579,1.0,24
11958,1.0,24
5639,1.0,24
19225,1.0,24
20311,1.0,24
6990,5.0,24
12411,1.0,24
11036,1.0,24
10947,4.0,24
11160,1.0,24
15886,1.0,24
14497,1.0,24
13791,1.0,24
14391,1.0,24
14410,1.0,24
6138,1.0,24
9812,1.0,24
10740,2.0,24
9484,1.0,24
8278,1.0,24
1799,1.0,24
1620,1.0,24
21898,1.0,24
36,1.0,24
21466,1.0,24
18431,2.0,24
18394,2.0,24
18338,3.0,24
18555,2.0,24
19072,1.0,24
19008,1.0,24
16265,1.0,24
5433,2.0,24
4845,1.0,24
8059,1.0,24
20489,1.0,24
19619,1.0,24
1020,1.0,24
21275,1.0,24
21415,1.0,24
9905,2.0,24
20443,1.0,24
20916,1.0,24
19855,1.0,24
19422,1.0,24
21616,1.0,24
20313,1.0,24
21980,2.0,24
6466,1.0,24
3702,1.0,24
6702,2.0,24
8858,2.0,24
8809,2.0,24
8509,4.0,24
15591,1.0,24
18295,1.0,24
11627,1.0,24
11170,0.0,24
13585,1.0,24
17968,1.0,24
15814,1.0,24
17583,1.0,24
18953,1.0,24
13420,1.0,24
18512,1.0,24
3314,1.0,24
3303,1.0,24
1874,1.0,24
1833,1.0,24
3217,1.0,24
8791,1.0,24
8390,1.0,24
7963,1.0,24
17631,2.0,24
17628,1.0,24
17647,1.0,24
17119,1.0,24
16555,1.0,24
17596,1.0,24
16879,1.0,24
16727,1.0,24
16261,2.0,24
16457,1.0,24
19494,1.0,24
19181,1.0,24
19460,1.0,24
19044,1.0,24
19024,1.0,24
19505,1.0,24
19798,1.0,24
20019,1.0,24
19557,2.0,24
19620,1.0,24
19503,1.0,24
19754,2.0,24
18228,1.0,24
18137,1.0,24
18130,1.0,24
17529,1.0,24
17874,1.0,24
17855,1.0,24
17854,1.0,24
17824,1.0,24
18837,1.0,24
18804,1.0,24
18762,1.0,24
18956,1.0,24
18551,1.0,24
18528,1.0,24
13816,1.0,24
13815,1.0,24
13796,1.0,24
13639,2.0,24
14304,1.0,24
14986,2.0,24
12792,1.0,24
12789,1.0,24
12770,1.0,24
12829,1.0,24
12682,1.0,24
20084,1.0,24
15896,1.0,24
15305,2.0,24
15364,1.0,24
16100,1.0,24
15113,1.0,24
14598,1.0,24
14434,1.0,24
14536,1.0,24
15256,1.0,24
14718,1.0,24
15189,1.0,24
20088,1.0,24
4191,4.0,24
4188,2.0,24
4184,6.0,24
4183,15.0,24
4192,3.0,24
4195,1.0,24
4255,1.0,24
4222,2.0,24
4221,2.0,24
4220,2.0,24
4219,2.0,24
4218,3.0,24
4217,2.0,24
4206,1.0,24
4203,3.0,24
4199,6.0,24
4198,1.0,24
4257,1.0,24
4179,2.0,24
3632,1.0,24
3638,1.0,24
3742,4.0,24
3727,108.0,24
3715,13.0,24
3683,21.0,24
3860,7.0,24
4180,1.0,24
4173,1.0,24
4139,2.0,24
4137,1.0,24
4042,2.0,24
4027,6.0,24
4026,2.0,24
4025,3.0,24
3931,158.0,24
3863,3.0,24
4259,2.0,24
4260,5.0,24
4782,4.0,24
4777,1.0,24
4778,1.0,24
4772,3.0,24
4783,1.0,24
4764,2.0,24
4763,1.0,24
4761,1.0,24
4759,1.0,24
4758,1.0,24
4755,1.0,24
4754,3.0,24
4753,1.0,24
4751,1.0,24
4749,1.0,24
4747,1.0,24
4740,1.0,24
4788,1.0,24
4789,2.0,24
4878,5.0,24
4864,7.0,24
4859,2.0,24
4857,1.0,24
4856,1.0,24
4855,2.0,24
4853,1.0,24
4851,2.0,24
4848,2.0,24
4846,2.0,24
4799,1.0,24
4739,2.0,24
4766,2.0,24
4342,2.0,24
4341,1.0,24
4340,10.0,24
4329,7.0,24
4463,1.0,24
4280,1.0,24
4122,2.0,24
4275,4.0,24
4274,2.0,24
4276,5.0,24
4270,1.0,24
4253,2.0,24
4343,3.0,24
4346,9.0,24
4765,4.0,24
4729,1.0,24
4501,1.0,24
4492,3.0,24
4483,3.0,24
4392,242.0,24
4369,8.0,24
4358,106.0,24
4347,6.0,24
3672,15.0,24
3035,6.0,24
3025,78.0,24
3018,14.0,24
3038,3.0,24
3139,4.0,24
3135,1.0,24
3134,4.0,24
3219,2.0,24
3061,1.0,24
3039,16.0,24
2501,2.0,24
2498,1.0,24
2723,1.0,24
2693,18.0,24
2686,1.0,24
2453,1.0,24
2444,1.0,24
2236,6.0,24
2418,8.0,24
2729,3.0,24
2997,1.0,24
2988,2.0,24
2987,1.0,24
2965,36.0,24
3150,2.0,24
2963,1.0,24
2943,1.0,24
2938,1.0,24
2843,1.0,24
2842,1.0,24
2841,1.0,24
2840,1.0,24
2771,1.0,24
2752,2.0,24
2747,1.0,24
2757,1.0,24
2950,1.0,24
3154,3.0,24
3473,12.0,24
3471,1.0,24
3466,15.0,24
3465,1.0,24
3455,8.0,24
3452,7.0,24
3664,1.0,24
3536,5.0,24
3525,1.0,24
3339,12.0,24
3330,3.0,24
3324,1.0,24
3397,2.0,24
3396,4.0,24
3258,1.0,24
3257,3.0,24
3252,2.0,24
3241,5.0,24
3156,6.0,24
3398,1.0,24
3399,1.0,24
3400,1.0,24
3401,1.0,24
3440,3.0,24
3431,2.0,24
3422,1.0,24
3420,4.0,24
3418,3.0,24
3411,2.0,24
3403,11.0,24
4881,5.0,24
6959,17.0,24
6958,2.0,24
6955,1.0,24
6948,5.0,24
6947,1.0,24
6946,5.0,24
6945,1.0,24
6941,9.0,24
6970,65.0,24
6938,16.0,24
6927,1.0,24
6898,10.0,24
6769,2.0,24
6767,2.0,24
6719,15.0,24
6940,31.0,24
6718,4.0,24
6980,9.0,24
6978,15.0,24
6977,5.0,24
6976,17.0,24
6985,7.0,24
6984,18.0,24
6971,86.0,24
6969,6.0,24
6975,9.0,24
6972,3.0,24
5393,6.0,24
5389,1.0,24
5381,33.0,24
5370,1.0,24
5394,2.0,24
5407,1.0,24
5564,1.0,24
5556,1.0,24
5559,1.0,24
5882,1.0,24
5880,1.0,24
5849,4.0,24
5818,17.0,24
5752,1.0,24
5733,1.0,24
5723,2.0,24
5714,1.0,24
5702,1.0,24
5703,1.0,24
5367,3.0,24
5203,1.0,24
5196,1.0,24
4957,1.0,24
4954,1.0,24
4952,1.0,24
4946,3.0,24
4927,1.0,24
4912,2.0,24
4905,16.0,24
4903,14.0,24
4995,2.0,24
5229,2.0,24
5365,12.0,24
5296,11.0,24
5917,1127.0,24
5295,1.0,24
5294,2.0,24
5279,1.0,24
5259,6.0,24
5239,3.0,24
6460,4.0,24
6456,6.0,24
6447,8.0,24
6445,1.0,24
6443,1.0,24
6435,4.0,24
6429,4.0,24
6509,1.0,24
6688,1.0,24
6720,27.0,24
6712,2.0,24
6711,2.0,24
6709,3.0,24
6627,1.0,24
6166,2.0,24
6168,1.0,24
6151,1.0,24
6150,1.0,24
6097,2.0,24
5920,33.0,24
6379,1.0,24
6384,1.0,24
6398,9.0,24
6431,1.0,24
6430,3.0,24
6423,10.0,24
6419,1.0,24
6417,7.0,24
6404,1.0,24
2408,1.0,24
2401,1.0,24
2387,1.0,24
21677,1.0,24
21245,1.0,24
21894,1.0,24
22133,1.0,24
20360,1.0,24
20813,1.0,24
20803,1.0,24
20633,1.0,24
126,2.0,24
1843,4.0,24
1842,2.0,24
1841,2.0,24
1831,11.0,24
1798,5.0,24
1796,1.0,24
1794,4.0,24
1792,5.0,24
1844,2.0,24
1875,9.0,24
1872,4.0,24
1868,1.0,24
1862,1.0,24
1861,1.0,24
1852,5.0,24
1854,6.0,24
1845,1.0,24
1789,8.0,24
1432,8.0,24
1425,2.0,24
1424,1.0,24
1392,1.0,24
1385,1.0,24
1380,20.0,24
1489,1.0,24
1490,1.0,24
1784,3.0,24
1559,2.0,24
1554,5.0,24
1519,1.0,24
1506,4.0,24
1494,4.0,24
1493,1.0,24
1492,1.0,24
1379,1.0,24
2311,2.0,24
2310,30.0,24
2298,1.0,24
2282,4.0,24
2060,1.0,24
1771,2.0,24
2051,1.0,24
2312,27.0,24
2046,1.0,24
2374,2.0,24
2277,1.0,24
2275,1.0,24
2272,2.0,24
2265,1.0,24
2334,7.0,24
2317,3.0,24
2045,1.0,24
2042,193.0,24
2002,3.0,24
2001,1.0,24
2000,1.0,24
1996,2.0,24
1995,5.0,24
1994,1.0,24
1993,1.0,24
2030,2.0,24
1982,2.0,24
1990,1.0,24
1936,1.0,24
1938,3.0,24
1927,2.0,24
1886,1.0,24
2003,5.0,24
2038,2.0,24
2029,2.0,24
2028,1.0,24
2022,1.0,24
2016,1.0,24
2015,3.0,24
2013,2.0,24
2010,1.0,24
2008,1.0,24
2007,1.0,24
2004,1.0,24
2019,1.0,24
1376,2.0,24
1374,2.0,24
539,1.0,24
537,1.0,24
536,4.0,24
528,1.0,24
522,1.0,24
515,1.0,24
508,1.0,24
504,3.0,24
506,2.0,24
505,1.0,24
503,2.0,24
502,2.0,24
493,5.0,24
563,1.0,24
564,1.0,24
574,3.0,24
667,1.0,24
658,1.0,24
656,1.0,24
655,1.0,24
653,4.0,24
652,2.0,24
650,2.0,24
644,2.0,24
632,1.0,24
622,1.0,24
619,1.0,24
618,1.0,24
611,2.0,24
592,1.0,24
589,1.0,24
587,1.0,24
578,1.0,24
492,106.0,24
490,1.0,24
470,1.0,24
395,1.0,24
374,1.0,24
361,1.0,24
360,1.0,24
359,1.0,24
358,1.0,24
301,1.0,24
299,1.0,24
291,1.0,24
260,1.0,24
145,1.0,24
141,1.0,24
131,2.0,24
130,1.0,24
129,2.0,24
128,1.0,24
127,2.0,24
688,10.0,24
849,4.0,24
848,1.0,24
843,3.0,24
838,8.0,24
833,10.0,24
827,1.0,24
852,1.0,24
805,24.0,24
859,1.0,24
867,2.0,24
1373,2.0,24
1367,2.0,24
1365,1.0,24
1360,4.0,24
1350,1.0,24
1182,1.0,24
1179,1.0,24
1159,1.0,24
1157,1.0,24
1156,1.0,24
1100,1.0,24
921,2.0,24
916,1.0,24
913,1.0,24
912,1.0,24
909,1.0,24
904,2.0,24
862,1.0,24
797,17.0,24
798,11.0,24
770,1.0,24
757,1.0,24
718,5.0,24
707,2.0,24
803,4.0,24
801,2.0,24
800,1.0,24
799,2.0,24
1767,1.0,24
2786,1.0,24
1025,2.0,24
1039,1.0,24
1110,1.0,24
3382,1.0,24
3975,1.0,24
3128,1.0,24
2637,1.0,24
11095,1.0,24
7632,1.0,24
20203,1.0,24
298,1.0,24
294,1.0,24
153,2.0,24
21776,1.0,24
10,1.0,24
19412,1.0,24
17570,1.0,24
17005,1.0,24
4083,1.0,24
10187,1.0,24
9501,1.0,24
9791,1.0,24
9367,1.0,24
10560,1.0,24
10087,1.0,24
9882,1.0,24
10227,1.0,24
8281,1.0,24
8096,1.0,24
8803,1.0,24
9200,2.0,24
9314,1.0,24
8997,1.0,24
8597,1.0,24
8404,1.0,24
11602,1.0,24
11416,1.0,24
11887,1.0,24
11937,1.0,24
12163,1.0,24
12131,1.0,24
10504,2.0,24
10313,1.0,24
10374,1.0,24
10967,1.0,24
10831,1.0,24
5859,1.0,24
5512,1.0,24
4513,1.0,24
4297,1.0,24
5160,1.0,24
4593,1.0,24
7515,1.0,24
6067,1.0,24
13493,1.0,24
1371,1.0,24
5898,1.0,24
6902,1.0,24
6564,1.0,24
1398,1.0,24
